﻿"SDO_ID","SDO_Name","Geogr_Laenge","Geogr_Breite","Hoehe_ueber_NN","Metadata_Link"
"15965","Brückenau, Bad (Elisabethenhof)","9,7838","50,3102","350.0","https://cdc.dwd.de/rest/metadata/station/html/1133372203"
"4549","Schönwald/Schwarzwald","8,1969","48,1002","1021.0","https://cdc.dwd.de/rest/metadata/station/html/1606494202"
"3274","Mettlach-Orscholz (Kurort)","6,5215","49,5070","415.0","https://cdc.dwd.de/rest/metadata/station/html/1614848192"
"5289","Waldachtal-Lützenhardt","8,5612","48,4918","595.0","https://cdc.dwd.de/rest/metadata/station/html/2217491152"
"5665","Wolfegg","9,7970","47,8180","677.0","https://cdc.dwd.de/rest/metadata/station/html/386937182"
"4477","Schluchsee","8,1860","47,8208","993.0","https://cdc.dwd.de/rest/metadata/station/html/4125257314"
"5049","Titisee-Neustadt-Titisee","8,1460","47,8991","846.0","https://cdc.dwd.de/rest/metadata/station/html/633700035"
"1079","Düsseldorf-Südfriedhof","6,7574","51,1998","37.0","https://cdc.dwd.de/rest/metadata/station/html/812300000743"
"3426","Muskau, Bad","14,7008","51,5660","127.0","https://cdc.dwd.de/rest/metadata/station/html/812300001319"
"502","Bischbrunn","9,4883","49,8747","412.0","https://cdc.dwd.de/rest/metadata/station/html/812300002599"
"1420","Frankfurt/Main","8,5213","50,0259","100.0","https://cdc.dwd.de/rest/metadata/station/html/812300004455"
"1832","Großer Arber","13,1338","49,1129","1436.0","https://cdc.dwd.de/rest/metadata/station/html/812300006311"
"3761","Öhringen","9,5176","49,2070","276.0","https://cdc.dwd.de/rest/metadata/station/html/812300008167"
"4560","Schotten","9,1226","50,4925","265.0","https://cdc.dwd.de/rest/metadata/station/html/812300009447"
"2691","Königsmoos-Untermaxfeld","11,2173","48,6707","378.0","https://cdc.dwd.de/rest/metadata/station/html/812300012583"
"596","Boltenhagen","11,1908","54,0027","15.0","https://cdc.dwd.de/rest/metadata/station/html/812300014439"
"5705","Würzburg","9,9576","49,7704","268.0","https://cdc.dwd.de/rest/metadata/station/html/812300016295"
"3390","München-Riem","11,7094","48,1369","529.0","https://cdc.dwd.de/rest/metadata/station/html/812300017575"
"6109","Grambow-Schwennenz","14,3728","53,3837","50.0","https://cdc.dwd.de/rest/metadata/station/html/812300019431"
"1973","Hamburg-Botanischer Garten","9,9874","53,5598","14.0","https://cdc.dwd.de/rest/metadata/station/html/812300020711"
"7412","Neuhütten/Spessart","9,4238","50,0083","340.0","https://cdc.dwd.de/rest/metadata/station/html/812300021287"
"4584","Schwaigermoos","11,8000","48,3667","444.0","https://cdc.dwd.de/rest/metadata/station/html/812300022567"
"3086","Lübeck-Blankensee","10,6989","53,8025","15.0","https://cdc.dwd.de/rest/metadata/station/html/812300024423"
"1425","Frankfurt/Main (Feldbergstr.)","8,6601","50,1213","109.0","https://cdc.dwd.de/rest/metadata/station/html/812300025703"
"2315","Holzdorf (Flugplatz)","13,1666","51,7657","81.0","https://cdc.dwd.de/rest/metadata/station/html/812300026279"
"5654","Wörnitz-Bottenweiler","10,2296","49,2178","464.0","https://cdc.dwd.de/rest/metadata/station/html/812300027559"
"2680","Königshofen, Bad","10,4456","50,2840","289.0","https://cdc.dwd.de/rest/metadata/station/html/812300028135"
"6265","Wusterwitz","12,3867","52,3613","36.0","https://cdc.dwd.de/rest/metadata/station/html/812300031271"
"3621","Reimlingen","10,5067","48,8253","435.0","https://cdc.dwd.de/rest/metadata/station/html/812300033127"
"1440","Freiamt-Ottoschwanden","7,9336","48,2018","481.0","https://cdc.dwd.de/rest/metadata/station/html/812300034407"
"963","Diepholz","8,3424","52,5881","38.0","https://cdc.dwd.de/rest/metadata/station/html/812300036263"
"6110","Medow-Wussentin","13,4949","53,8545","11.0","https://cdc.dwd.de/rest/metadata/station/html/812300037543"
"1612","Gera-Leumnitz","12,1289","50,8813","311.0","https://cdc.dwd.de/rest/metadata/station/html/812300038119"
"4651","Seesen","10,1885","51,9040","186.0","https://cdc.dwd.de/rest/metadata/station/html/812300041255"
"848","Celle (Stadt)","10,0726","52,6146","38.0","https://cdc.dwd.de/rest/metadata/station/html/812300042535"
"3924","Pforzheim-Eutingen","8,7412","48,9059","246.0","https://cdc.dwd.de/rest/metadata/station/html/812300044391"
"52","Ahrensburg-Wulfsdorf","10,1990","53,6623","46.0","https://cdc.dwd.de/rest/metadata/station/html/812300045671"
"2486","Kaiserslautern","7,7557","49,4262","271.0","https://cdc.dwd.de/rest/metadata/station/html/812300048103"
"2947","Lennestadt-Theten","8,0348","51,1333","286.0","https://cdc.dwd.de/rest/metadata/station/html/812300051239"
"4847","Steinberg","9,6902","51,3629","500.0","https://cdc.dwd.de/rest/metadata/station/html/812300052519"
"5498","Wertheim-Eichel","9,5428","49,7667","140.0","https://cdc.dwd.de/rest/metadata/station/html/812300054375"
"3166","Marienberg","13,1469","50,6510","639.0","https://cdc.dwd.de/rest/metadata/station/html/812300054951"
"4629","Schwesing","9,1420","54,5166","37.0","https://cdc.dwd.de/rest/metadata/station/html/812300055655"
"6197","Lügde-Paenbruch","9,2710","51,8664","258.0","https://cdc.dwd.de/rest/metadata/station/html/812300056231"
"553","Bocholt (Marienschule)","6,6107","51,8380","25.0","https://cdc.dwd.de/rest/metadata/station/html/812300057511"
"5629","Wittenberg","12,6445","51,8892","105.0","https://cdc.dwd.de/rest/metadata/station/html/812300058087"
"1048","Dresden-Klotzsche","13,7543","51,1280","227.0","https://cdc.dwd.de/rest/metadata/station/html/812300059367"
"757","Buchenbach","7,9983","47,9625","445.0","https://cdc.dwd.de/rest/metadata/station/html/812300059943"
"2422","Iserlohn-Westig","7,7644","51,3768","230.0","https://cdc.dwd.de/rest/metadata/station/html/812300062503"
"1833","Grosser Falkenstein","13,2801","49,0851","1307.0","https://cdc.dwd.de/rest/metadata/station/html/812300063079"
"1275","Ering","13,1398","48,3008","340.0","https://cdc.dwd.de/rest/metadata/station/html/812300064359"
"3257","Mergentheim, Bad-Neunkirchen","9,7622","49,4773","250.0","https://cdc.dwd.de/rest/metadata/station/html/812300064935"
"3164","Cölbe, Kr. Marburg-Biedenkopf","8,7746","50,8492","187.0","https://cdc.dwd.de/rest/metadata/station/html/812300066215"
"1246","Ennigerloh-Ostenfelde","8,0607","51,8418","104.0","https://cdc.dwd.de/rest/metadata/station/html/812300068071"
"7396","Hoherodskopf/Vogelsberg","9,2246","50,5084","743.0","https://cdc.dwd.de/rest/metadata/station/html/812300071207"
"4271","Rostock-Warnemünde","12,0808","54,1803","4.0","https://cdc.dwd.de/rest/metadata/station/html/812300076199"
"4018","Puch","11,2206","48,1877","550.0","https://cdc.dwd.de/rest/metadata/station/html/812300079335"
"867","Lautertal-Oberlauter","10,9679","50,3066","344.0","https://cdc.dwd.de/rest/metadata/station/html/812300079911"
"433","Berlin-Tempelhof","13,4021","52,4675","48.0","https://cdc.dwd.de/rest/metadata/station/html/812300083047"
"5306","Waldhäuser (National Park)","13,4641","48,9293","940.0","https://cdc.dwd.de/rest/metadata/station/html/812300084327"
"2532","Kassel","9,4424","51,2963","231.0","https://cdc.dwd.de/rest/metadata/station/html/812300087463"
"3552","Neuruppin","12,8072","52,9037","38.0","https://cdc.dwd.de/rest/metadata/station/html/812300088039"
"402","Berlin-Dahlem (LFAG)","13,2997","52,4564","55.0","https://cdc.dwd.de/rest/metadata/station/html/812300089319"
"5277","Wahlen","9,1280","50,8119","349.0","https://cdc.dwd.de/rest/metadata/station/html/812300092455"
"6163","Dörnick","10,3519","54,1654","27.0","https://cdc.dwd.de/rest/metadata/station/html/812300094887"
"2878","Lauchstädt, Bad","11,8786","51,3909","117.0","https://cdc.dwd.de/rest/metadata/station/html/812300097447"
"3093","Lüchow","11,1374","52,9724","16.0","https://cdc.dwd.de/rest/metadata/station/html/812300098023"
"3519","Neuhausen ob Eck-Unterschwandorf","8,9932","47,9519","663.0","https://cdc.dwd.de/rest/metadata/station/html/812300101159"
"1380","Flensburg-Mürwik","9,4580","54,8147","19.0","https://cdc.dwd.de/rest/metadata/station/html/812300107431"
"1590","Geldern-Walbeck","6,2463","51,4942","37.0","https://cdc.dwd.de/rest/metadata/station/html/812300108007"
"3815","Osnabrück","8,0534","52,2553","95.0","https://cdc.dwd.de/rest/metadata/station/html/812300109287"
"5250","Vogtsburg-Oberrotweil","7,6353","48,0908","223.0","https://cdc.dwd.de/rest/metadata/station/html/812300111143"
"3537","Neumünster","9,9791","54,0873","26.0","https://cdc.dwd.de/rest/metadata/station/html/812300112423"
"3821","Osterfeld","11,9292","51,0873","246.0","https://cdc.dwd.de/rest/metadata/station/html/812300114855"
"840","Carlsfeld","12,6114","50,4313","897.0","https://cdc.dwd.de/rest/metadata/station/html/812300116135"
"15000","Aachen-Orsbach","6,0244","50,7983","231.0","https://cdc.dwd.de/rest/metadata/station/html/812300117991"
"1201","Elsdorf/Erftkreis","6,5646","50,9281","85.0","https://cdc.dwd.de/rest/metadata/station/html/812300119271"
"5779","Zinnwald-Georgenfeld","13,7516","50,7314","877.0","https://cdc.dwd.de/rest/metadata/station/html/812300119847"
"652","Hagenbüchach","10,7706","49,5353","384.0","https://cdc.dwd.de/rest/metadata/station/html/812300121127"
"2485","Kaisersbach-Cronhütte","9,6871","48,9170","489.0","https://cdc.dwd.de/rest/metadata/station/html/812300121703"
"1580","Geisenheim","7,9548","49,9859","110.0","https://cdc.dwd.de/rest/metadata/station/html/812300122983"
"2349","Hornisgrinde","8,2033","48,6136","1138.0","https://cdc.dwd.de/rest/metadata/station/html/812300124839"
"4094","Weingarten, Kr. Ravensburg","9,6206","47,8062","440.0","https://cdc.dwd.de/rest/metadata/station/html/812300126695"
"5133","Twistetal-Mühlhausen","8,9132","51,3344","295.0","https://cdc.dwd.de/rest/metadata/station/html/812300127975"
"2783","Kumhausen","12,1513","48,5126","436.0","https://cdc.dwd.de/rest/metadata/station/html/812300131111"
"1759","Greifswalder Oie","13,9102","54,2437","12.0","https://cdc.dwd.de/rest/metadata/station/html/812300132967"
"5941","Reit im Winkl","12,4698","47,6754","686.0","https://cdc.dwd.de/rest/metadata/station/html/812300134823"
"3666","Nürnberg-Buchenbuehl","11,1070","49,5008","335.0","https://cdc.dwd.de/rest/metadata/station/html/812300136103"
"154","Amerang-Pfaffing","12,2925","48,0197","516.0","https://cdc.dwd.de/rest/metadata/station/html/812300136679"
"7351","Feldberg/Mecklenburg","13,4175","53,3175","115.0","https://cdc.dwd.de/rest/metadata/station/html/812300137959"
"1987","Hamburg-Sankt Pauli","9,9662","53,5467","47.0","https://cdc.dwd.de/rest/metadata/station/html/812300139239"
"4705","Silberhütte","12,3891","49,7595","819.0","https://cdc.dwd.de/rest/metadata/station/html/812300141095"
"1550","Garmisch-Partenkirchen","11,0621","47,4830","719.0","https://cdc.dwd.de/rest/metadata/station/html/812300141671"
"4393","Sankt Peter-Ording","8,6031","54,3279","5.0","https://cdc.dwd.de/rest/metadata/station/html/812300142951"
"1619","Gernsheim","8,4887","49,7622","90.0","https://cdc.dwd.de/rest/metadata/station/html/812300144231"
"5802","Zwieselberg","13,2137","49,0007","615.0","https://cdc.dwd.de/rest/metadata/station/html/812300146087"
"2750","Kronach","11,3209","50,2523","312.0","https://cdc.dwd.de/rest/metadata/station/html/812300146663"
"706","Eschbach","7,6611","47,8858","234.0","https://cdc.dwd.de/rest/metadata/station/html/812300147943"
"3776","Offenbach/M. (Stadt)","8,7546","50,0946","110.0","https://cdc.dwd.de/rest/metadata/station/html/812300149223"
"691","Bremen","8,7979","53,0450","4.0","https://cdc.dwd.de/rest/metadata/station/html/812300149799"
"3679","Kiefersfelden-Gach","12,1665","47,6187","518.0","https://cdc.dwd.de/rest/metadata/station/html/812300151655"
"1503","Friesoythe-Altenoythe","7,9022","53,0643","6.0","https://cdc.dwd.de/rest/metadata/station/html/812300154791"
"2252","Bertsdorf-Hörnitz","14,7457","50,8990","270.0","https://cdc.dwd.de/rest/metadata/station/html/812300156071"
"2925","Leinefelde","10,3123","51,3933","356.0","https://cdc.dwd.de/rest/metadata/station/html/812300156647"
"3001","Liliental","7,6770","48,0674","284.0","https://cdc.dwd.de/rest/metadata/station/html/812300157927"
"555","Bochum","7,2697","51,4789","101.0","https://cdc.dwd.de/rest/metadata/station/html/812300164775"
"3167","Marienberg, Bad","7,9603","50,6621","547.0","https://cdc.dwd.de/rest/metadata/station/html/812300166631"
"2302","Hohlstedt-Kötschau","11,4847","50,9632","317.0","https://cdc.dwd.de/rest/metadata/station/html/812300168487"
"2912","Lehbek","9,8791","54,7419","9.0","https://cdc.dwd.de/rest/metadata/station/html/812300169191"
"3031","Lippstadt-Bökenförde","8,3945","51,6336","92.0","https://cdc.dwd.de/rest/metadata/station/html/812300169767"
"5236","Visbek","8,3112","52,8318","51.0","https://cdc.dwd.de/rest/metadata/station/html/812300171047"
"1544","Gardelegen","11,3941","52,5129","47.0","https://cdc.dwd.de/rest/metadata/station/html/812300171623"
"7106","Bielefeld-Deppendorf","8,4565","52,0714","105.0","https://cdc.dwd.de/rest/metadata/station/html/812300174759"
"599","Bonn-Friesdorf","7,1467","50,7055","62.0","https://cdc.dwd.de/rest/metadata/station/html/812300176039"
"1050","Dresden-Hosterwitz","13,8470","51,0221","112.0","https://cdc.dwd.de/rest/metadata/station/html/812300177895"
"2665","Köln-Botanischer Garten","6,9712","50,9615","45.0","https://cdc.dwd.de/rest/metadata/station/html/812300181031"
"3211","Mauth-Finsterau","13,5747","48,9359","1011.0","https://cdc.dwd.de/rest/metadata/station/html/812300181607"
"3362","Mühlacker","8,8735","48,9721","243.0","https://cdc.dwd.de/rest/metadata/station/html/812300183463"
"2928","Leipzig-Holzhausen","12,4462","51,3151","138.0","https://cdc.dwd.de/rest/metadata/station/html/812300186023"
"2417","Mittbach","12,0307","48,1644","621.0","https://cdc.dwd.de/rest/metadata/station/html/812300187879"
"4928","Stuttgart (Schnarrenberg)","9,2000","48,8281","314.0","https://cdc.dwd.de/rest/metadata/station/html/812300188455"
"167","Anklam","13,6846","53,8412","9.0","https://cdc.dwd.de/rest/metadata/station/html/812300189735"
"5397","Weiden","12,1844","49,6662","440.0","https://cdc.dwd.de/rest/metadata/station/html/812300191591"
"3382","München-Bogenhausen","11,6000","48,1441","521.0","https://cdc.dwd.de/rest/metadata/station/html/812300192871"
"7403","Leutkirch-Herlazhofen","10,0324","47,7955","672.0","https://cdc.dwd.de/rest/metadata/station/html/812300193447"
"5097","Tribsees","12,7675","54,0661","10.0","https://cdc.dwd.de/rest/metadata/station/html/812300194727"
"7369","Feuchtwangen-Heilbronn","10,3661","49,1623","475.0","https://cdc.dwd.de/rest/metadata/station/html/812300196583"
"2564","Kiel-Holtenau","10,1424","54,3776","28.0","https://cdc.dwd.de/rest/metadata/station/html/812300199719"
"771","Büdingen","9,1167","50,2769","148.0","https://cdc.dwd.de/rest/metadata/station/html/812300200999"
"427","Berlin Brandenburg","13,5306","52,3807","46.0","https://cdc.dwd.de/rest/metadata/station/html/812300201575"
"72","Albstadt-Onstmettingen","9,0001","48,2766","794.0","https://cdc.dwd.de/rest/metadata/station/html/812300204711"
"3004","Limburg/Lahn-Offheim","8,0605","50,4116","185.0","https://cdc.dwd.de/rest/metadata/station/html/812300205991"
"5643","Wittstock-Rote Mühle","12,4949","53,1864","66.0","https://cdc.dwd.de/rest/metadata/station/html/812300206567"
"3379","München-Stadt","11,5429","48,1632","515.0","https://cdc.dwd.de/rest/metadata/station/html/812300208423"
"1239","Engen/Hegau","8,7673","47,8516","540.0","https://cdc.dwd.de/rest/metadata/station/html/812300209703"
"704","Bremervörde","9,1390","53,4451","11.0","https://cdc.dwd.de/rest/metadata/station/html/812300211559"
"5088","Trent","13,2460","54,5337","3.0","https://cdc.dwd.de/rest/metadata/station/html/812300212839"
"198","Artern","11,2920","51,3745","164.0","https://cdc.dwd.de/rest/metadata/station/html/812300213415"
"2522","Karlsruhe","8,3641","49,0382","112.0","https://cdc.dwd.de/rest/metadata/station/html/812300214695"
"3612","Nienburg","9,2229","52,6711","25.0","https://cdc.dwd.de/rest/metadata/station/html/812300216551"
"661","Braunschweig (T.H.)","10,5334","52,2708","75.0","https://cdc.dwd.de/rest/metadata/station/html/812300217831"
"7099","Liebenburg-Othfresen","10,3966","52,0111","187.0","https://cdc.dwd.de/rest/metadata/station/html/812300221543"
"2483","Kahler Asten","8,4891","51,1803","839.0","https://cdc.dwd.de/rest/metadata/station/html/812300226535"
"4288","Rothenfelde, Bad","8,1808","52,1038","95.0","https://cdc.dwd.de/rest/metadata/station/html/812300227815"
"5100","Trier-Petrisberg","6,6583","49,7479","265.0","https://cdc.dwd.de/rest/metadata/station/html/812300228391"
"5429","Weinsberg","9,2920","49,1512","219.0","https://cdc.dwd.de/rest/metadata/station/html/812300229671"
"4752","Sonneberg-Neufang","11,1828","50,3746","626.0","https://cdc.dwd.de/rest/metadata/station/html/812300230247"
"98","Altastenberg","8,4671","51,1890","780.0","https://cdc.dwd.de/rest/metadata/station/html/812300232807"
"4445","Wernigerode-Schierke","10,6533","51,7658","609.0","https://cdc.dwd.de/rest/metadata/station/html/812300233383"
"175","Ansbach","10,5751","49,2964","413.0","https://cdc.dwd.de/rest/metadata/station/html/812300234663"
"71","Albstadt-Badkap","8,9784","48,2156","759.0","https://cdc.dwd.de/rest/metadata/station/html/812300235239"
"6314","Nossen","13,3003","51,0507","306.0","https://cdc.dwd.de/rest/metadata/station/html/812300238375"
"851","Pemfling-Pitzling","12,6042","49,2504","392.0","https://cdc.dwd.de/rest/metadata/station/html/812300239655"
"2712","Konstanz","9,1307","47,6952","428.0","https://cdc.dwd.de/rest/metadata/station/html/812300240231"
"1346","Feldberg/Schwarzwald","8,0038","47,8749","1490.0","https://cdc.dwd.de/rest/metadata/station/html/812300243367"
"2069","Hausstein","13,0670","48,8629","648.0","https://cdc.dwd.de/rest/metadata/station/html/812300244647"
"4175","Rheinfelden","7,7721","47,5590","282.0","https://cdc.dwd.de/rest/metadata/station/html/812300245223"
"5371","Wasserkuppe","9,9427","50,4973","921.0","https://cdc.dwd.de/rest/metadata/station/html/812300246503"
"1513","Fuchskauten","8,1027","50,6588","653.0","https://cdc.dwd.de/rest/metadata/station/html/812300247783"
"4704","Sigmarszell-Zeisertsweiler","9,7404","47,5776","507.0","https://cdc.dwd.de/rest/metadata/station/html/812300248359"
"2920","Leiblfing","12,5121","48,7654","365.0","https://cdc.dwd.de/rest/metadata/station/html/812300249639"
"6259","Großerlach-Mannenweiler","9,6033","49,0210","524.0","https://cdc.dwd.de/rest/metadata/station/html/812300250215"
"232","Augsburg","10,9417","48,4253","462.0","https://cdc.dwd.de/rest/metadata/station/html/812300255207"
"2932","Leipzig/Halle","12,2396","51,4348","131.0","https://cdc.dwd.de/rest/metadata/station/html/812300257767"
"403","Berlin-Dahlem (FU)","13,3017","52,4537","51.0","https://cdc.dwd.de/rest/metadata/station/html/812300258343"
"1735","Grainet-Rehberg","13,6290","48,7894","628.0","https://cdc.dwd.de/rest/metadata/station/html/812300260199"
"3083","Lübben-Blumenfelde","13,8797","51,9267","57.0","https://cdc.dwd.de/rest/metadata/station/html/812300263335"
"1207","Elster, Bad-Sohl","12,2742","50,2705","558.0","https://cdc.dwd.de/rest/metadata/station/html/812300269607"
"2081","Königstuhl","8,7251","49,3981","561.0","https://cdc.dwd.de/rest/metadata/station/html/812300271463"
"2174","Herzberg","10,3695","51,6255","238.0","https://cdc.dwd.de/rest/metadata/station/html/812300273319"
"327","Bederkesa","8,8323","53,6234","27.0","https://cdc.dwd.de/rest/metadata/station/html/812300274599"
"3231","Meiningen","10,3771","50,5612","450.0","https://cdc.dwd.de/rest/metadata/station/html/812300275175"
"3425","Murrhardt","9,5708","48,9729","344.0","https://cdc.dwd.de/rest/metadata/station/html/812300276455"
"888","Crimmitschau","12,3821","50,8149","269.0","https://cdc.dwd.de/rest/metadata/station/html/812300277735"
"1219","Emden-Nesserland","7,1909","53,3449","5.0","https://cdc.dwd.de/rest/metadata/station/html/812300279591"
"150","Alzey","8,1164","49,7273","215.0","https://cdc.dwd.de/rest/metadata/station/html/812300280167"
"4294","Rottenburg-Kiebingen","8,9687","48,4704","360.0","https://cdc.dwd.de/rest/metadata/station/html/812300281447"
"5078","Travemünde","10,8892","53,9619","2.0","https://cdc.dwd.de/rest/metadata/station/html/812300282023"
"1078","Düsseldorf","6,7686","51,2960","37.0","https://cdc.dwd.de/rest/metadata/station/html/812300283303"
"3660","Nürburg-Barweiler","6,8697","50,3602","485.0","https://cdc.dwd.de/rest/metadata/station/html/812300285159"
"5120","Tübingen","9,0515","48,5198","370.0","https://cdc.dwd.de/rest/metadata/station/html/812300286439"
"2044","Harzgerode","11,1367","51,6520","404.0","https://cdc.dwd.de/rest/metadata/station/html/812300290151"
"131","Geringswalde-Altgeringswalde","12,9326","51,0881","296.0","https://cdc.dwd.de/rest/metadata/station/html/812300291431"
"2475","Jüterbog","13,1009","52,0000","75.0","https://cdc.dwd.de/rest/metadata/station/html/812300292007"
"1032","Dortmund","7,5345","51,5120","120.0","https://cdc.dwd.de/rest/metadata/station/html/812300294567"
"1468","Freudenstadt","8,4090","48,4538","797.0","https://cdc.dwd.de/rest/metadata/station/html/812300296999"
"1297","Eschwege","10,0138","51,2041","156.0","https://cdc.dwd.de/rest/metadata/station/html/812300298279"
"3101","Lüdinghausen","7,4128","51,7694","58.0","https://cdc.dwd.de/rest/metadata/station/html/812300299559"
"1403","Frammersbach","9,4550","50,0616","260.0","https://cdc.dwd.de/rest/metadata/station/html/812300301415"
"450","Bernkastel-Kues","7,0664","49,9186","120.0","https://cdc.dwd.de/rest/metadata/station/html/812300304551"
"2543","Kaufering","10,8609","48,0916","585.0","https://cdc.dwd.de/rest/metadata/station/html/812300306407"
"591","Boizenburg","10,6878","53,3911","45.0","https://cdc.dwd.de/rest/metadata/station/html/812300308263"
"3576","Neustadt/Weinstraße (Heidehof)","8,1822","49,3478","125.0","https://cdc.dwd.de/rest/metadata/station/html/812300309543"
"5538","Wielenbach (Demollstr.)","11,1576","47,8827","551.0","https://cdc.dwd.de/rest/metadata/station/html/812300310119"
"73","Aldersbach-Kriestorf","13,0506","48,6159","340.0","https://cdc.dwd.de/rest/metadata/station/html/812300311975"
"5349","Waren (Müritz)","12,6654","53,5196","73.0","https://cdc.dwd.de/rest/metadata/station/html/812300313255"
"1972","Hamburg-Bergedorf","10,2415","53,4793","35.0","https://cdc.dwd.de/rest/metadata/station/html/812300314535"
"7395","Gottfrieding","12,5388","48,6595","350.0","https://cdc.dwd.de/rest/metadata/station/html/812300315111"
"1279","Möhrendorf-Kleinseebach","11,0074","49,6497","268.0","https://cdc.dwd.de/rest/metadata/station/html/812300316967"
"3032","List auf Sylt","8,4125","55,0110","25.0","https://cdc.dwd.de/rest/metadata/station/html/812300318247"
"1421","Frankfurt/Main (Stadt)","8,6746","50,1474","125.0","https://cdc.dwd.de/rest/metadata/station/html/812300319527"
"1869","Grünow","13,9338","53,3153","56.0","https://cdc.dwd.de/rest/metadata/station/html/812300320103"
"3904","Perl-Nennig","6,3789","49,5354","152.0","https://cdc.dwd.de/rest/metadata/station/html/812300323239"
"3300","Mittel-Gründau","9,1064","50,2285","155.0","https://cdc.dwd.de/rest/metadata/station/html/812300324519"
"6170","Coschen","14,7254","52,0192","40.0","https://cdc.dwd.de/rest/metadata/station/html/812300325095"
"3571","Neustadt am Kulm-Filchendorf","11,8638","49,8174","452.0","https://cdc.dwd.de/rest/metadata/station/html/812300326951"
"1276","Eriskirch-Mariabrunn","9,5392","47,6358","408.0","https://cdc.dwd.de/rest/metadata/station/html/812300328231"
"891","Cuxhaven","8,7058","53,8713","5.0","https://cdc.dwd.de/rest/metadata/station/html/812300330087"
"5778","Zinnowitz","13,8989","54,0801","2.0","https://cdc.dwd.de/rest/metadata/station/html/812300331367"
"4275","Rotenburg (Wümme)","9,3398","53,1288","32.0","https://cdc.dwd.de/rest/metadata/station/html/812300335079"
"760","Rosengarten-Klecken","9,9435","53,3629","82.0","https://cdc.dwd.de/rest/metadata/station/html/812300336359"
"7432","Wittingen-Vorhop","10,6627","52,6423","72.0","https://cdc.dwd.de/rest/metadata/station/html/812300340071"
"2689","Königsmoor","9,6527","53,2279","40.0","https://cdc.dwd.de/rest/metadata/station/html/812300341351"
"2565","Kiel-Kronshagen","10,0929","54,3378","17.0","https://cdc.dwd.de/rest/metadata/station/html/812300344487"
"2667","Köln-Bonn","7,1575","50,8646","92.0","https://cdc.dwd.de/rest/metadata/station/html/812300345063"
"4571","Schulenberg","10,4312","51,8369","504.0","https://cdc.dwd.de/rest/metadata/station/html/812300346343"
"5871","Hahn","7,2645","49,9463","497.0","https://cdc.dwd.de/rest/metadata/station/html/812300346919"
"4484","Schmalenbeck","10,2543","53,6615","45.0","https://cdc.dwd.de/rest/metadata/station/html/812300349479"
"386","Berleburg, Bad","8,3851","51,0454","445.0","https://cdc.dwd.de/rest/metadata/station/html/812300351335"
"5490","Wernigerode","10,7686","51,8454","233.0","https://cdc.dwd.de/rest/metadata/station/html/812300351911"
"755","Buchen, Kr. Neckar-Odenwald","9,3213","49,5182","340.0","https://cdc.dwd.de/rest/metadata/station/html/812300353767"
"1975","Hamburg-Fuhlsbüttel","9,9881","53,6332","14.0","https://cdc.dwd.de/rest/metadata/station/html/812300355047"
"7393","Hoyerswerda","14,2533","51,4493","116.0","https://cdc.dwd.de/rest/metadata/station/html/812300356903"
"4127","Reichshof-Eckenhagen","7,6958","50,9906","347.0","https://cdc.dwd.de/rest/metadata/station/html/812300361895"
"4300","Rottweil","8,6356","48,1814","588.0","https://cdc.dwd.de/rest/metadata/station/html/812300363751"
"7341","Offenbach-Wetterpark","8,7862","50,0899","119.0","https://cdc.dwd.de/rest/metadata/station/html/812300365031"
"3056","Lohr/Main-Steinbach","9,6100","50,0103","161.0","https://cdc.dwd.de/rest/metadata/station/html/812300368167"
"4024","Putbus","13,4771","54,3643","40.0","https://cdc.dwd.de/rest/metadata/station/html/812300370023"
"4339","Saarbrücken-Sankt Johann","7,0168","49,2231","193.0","https://cdc.dwd.de/rest/metadata/station/html/812300371303"
"7075","Elsendorf-Horneck","11,8493","48,7020","429.0","https://cdc.dwd.de/rest/metadata/station/html/812300371879"
"856","Chieming","12,5404","47,8843","551.0","https://cdc.dwd.de/rest/metadata/station/html/812300373735"
"2303","Hohn","9,5390","54,3146","10.0","https://cdc.dwd.de/rest/metadata/station/html/812300375015"
"430","Berlin-Tegel","13,3088","52,5644","36.0","https://cdc.dwd.de/rest/metadata/station/html/812300376871"
"5185","Uttenreuth","11,0704","49,5933","291.0","https://cdc.dwd.de/rest/metadata/station/html/812300378151"
"2290","Hohenpeißenberg","11,0108","47,8009","977.0","https://cdc.dwd.de/rest/metadata/station/html/812300378727"
"6105","Ostenfeld (Rendsburg)","9,8051","54,3194","14.0","https://cdc.dwd.de/rest/metadata/station/html/812300380007"
"3271","Metten","12,9189","48,8548","314.0","https://cdc.dwd.de/rest/metadata/station/html/812300383719"
"4765","Sooden-Allendorf, Bad","9,9849","51,2801","199.0","https://cdc.dwd.de/rest/metadata/station/html/812300386279"
"342","Belm","8,1694","52,3170","103.0","https://cdc.dwd.de/rest/metadata/station/html/812300386855"
"3975","Pommelsbrunn-Mittelburg","11,5357","49,4777","522.0","https://cdc.dwd.de/rest/metadata/station/html/812300388711"
"2701","Kösen, Bad","11,7252","51,1329","136.0","https://cdc.dwd.de/rest/metadata/station/html/812300391271"
"3044","Löningen","7,7472","52,7198","22.0","https://cdc.dwd.de/rest/metadata/station/html/812300391847"
"642","Brake","8,4969","53,3517","1.0","https://cdc.dwd.de/rest/metadata/station/html/812300393127"
"4464","Schleiz","11,8041","50,5679","501.0","https://cdc.dwd.de/rest/metadata/station/html/812300393703"
"3518","Neuhausen ob Eck","8,9101","47,9760","793.0","https://cdc.dwd.de/rest/metadata/station/html/812300394983"
"5839","Emden","7,2287","53,3881","0.0","https://cdc.dwd.de/rest/metadata/station/html/812300396839"
"535","Blankenrath","7,3079","50,0372","417.0","https://cdc.dwd.de/rest/metadata/station/html/812300398695"
"2985","Lichtenhain-Mittelndorf","14,2093","50,9383","321.0","https://cdc.dwd.de/rest/metadata/station/html/812300400551"
"1379","Flensburg (Schäferhaus)","9,3752","54,7737","41.0","https://cdc.dwd.de/rest/metadata/station/html/812300401255"
"1327","Weilerswist-Lommersum","6,7905","50,7119","147.0","https://cdc.dwd.de/rest/metadata/station/html/812300401831"
"3791","Oldenburg","8,1824","53,1763","11.0","https://cdc.dwd.de/rest/metadata/station/html/812300403111"
"5138","Überlingen/Bodensee","9,1562","47,7713","446.0","https://cdc.dwd.de/rest/metadata/station/html/812300404967"
"3532","Neuland","10,6015","54,3609","4.0","https://cdc.dwd.de/rest/metadata/station/html/812300406247"
"5832","Dannenberg","11,0455","53,1007","50.0","https://cdc.dwd.de/rest/metadata/station/html/812300408103"
"314","Kubschütz, Kr. Bautzen","14,5042","51,1604","234.0","https://cdc.dwd.de/rest/metadata/station/html/812300409959"
"5463","Wellmitz","14,6898","52,0654","58.0","https://cdc.dwd.de/rest/metadata/station/html/812300410535"
"3946","Plauen","12,1300","50,4819","386.0","https://cdc.dwd.de/rest/metadata/station/html/812300413671"
"2074","Hechingen","8,9800","48,3752","518.0","https://cdc.dwd.de/rest/metadata/station/html/812300415527"
"1504","Fritzlar (Flugplatz)","9,2799","51,1190","172.0","https://cdc.dwd.de/rest/metadata/station/html/812300416807"
"3404","Münster","7,5906","51,9494","62.0","https://cdc.dwd.de/rest/metadata/station/html/812300418087"
"1586","Traunstein-Geißing","12,6279","47,8774","610.0","https://cdc.dwd.de/rest/metadata/station/html/812300419943"
"3927","Pfullendorf","9,2869","47,9345","630.0","https://cdc.dwd.de/rest/metadata/station/html/812300420519"
"5664","Wolfach","8,2391","48,2953","296.0","https://cdc.dwd.de/rest/metadata/station/html/812300425511"
"1757","Greifswald","13,4056","54,0967","2.0","https://cdc.dwd.de/rest/metadata/station/html/812300426791"
"4474","Schlossböckelheim","7,7583","49,7961","170.0","https://cdc.dwd.de/rest/metadata/station/html/812300428071"
"5856","Fürstenzell","13,3532","48,5451","476.0","https://cdc.dwd.de/rest/metadata/station/html/812300428647"
"151","Amberg-Unterammersricht","11,8546","49,4691","382.0","https://cdc.dwd.de/rest/metadata/station/html/812300430503"
"6310","Karlshagen","13,8239","54,1049","1.0","https://cdc.dwd.de/rest/metadata/station/html/812300431783"
"4664","Selb/Oberfranken-Wildenau","12,1727","50,1969","611.0","https://cdc.dwd.de/rest/metadata/station/html/812300434919"
"1473","Freystadt-Michelbach","11,3080","49,1869","414.0","https://cdc.dwd.de/rest/metadata/station/html/812300435495"
"4039","Quickborn","9,8776","53,7331","11.0","https://cdc.dwd.de/rest/metadata/station/html/812300436775"
"2794","Kyritz","12,4093","52,9363","40.0","https://cdc.dwd.de/rest/metadata/station/html/812300438631"
"2708","Kohlgrub, Bad (Rosshof)","11,0805","47,6652","742.0","https://cdc.dwd.de/rest/metadata/station/html/812300440487"
"3744","Oberweser-Gieselwerder","9,5383","51,6018","125.0","https://cdc.dwd.de/rest/metadata/station/html/812300443047"
"7389","Heckelberg","13,8427","52,7461","82.0","https://cdc.dwd.de/rest/metadata/station/html/812300443623"
"3668","Nürnberg","11,0549","49,5030","314.0","https://cdc.dwd.de/rest/metadata/station/html/812300445479"
"1490","Friedrichshafen","9,4795","47,6454","394.0","https://cdc.dwd.de/rest/metadata/station/html/812300446759"
"1451","Freiburg/Elbe","9,2493","53,8277","2.0","https://cdc.dwd.de/rest/metadata/station/html/812300448615"
"1684","Görlitz","14,9506","51,1622","238.0","https://cdc.dwd.de/rest/metadata/station/html/812300449895"
"2996","Liebenzell, Bad","8,7287","48,7726","352.0","https://cdc.dwd.de/rest/metadata/station/html/812300451751"
"865","Cloppenburg","8,0624","52,8441","42.0","https://cdc.dwd.de/rest/metadata/station/html/812300454887"
"7368","Eisenach","10,3621","51,0007","312.0","https://cdc.dwd.de/rest/metadata/station/html/812300455463"
"390","Berleburg, Bad-Stünzel","8,3683","50,9837","610.0","https://cdc.dwd.de/rest/metadata/station/html/812300458599"
"3155","Manderscheid-Sonnenhof","6,8009","50,1015","413.0","https://cdc.dwd.de/rest/metadata/station/html/812300460455"
"4933","Stuttgart-Hohenheim","9,2147","48,7091","401.0","https://cdc.dwd.de/rest/metadata/station/html/812300461735"
"2906","Leck (A)","8,9808","54,7750","5.0","https://cdc.dwd.de/rest/metadata/station/html/812300463015"
"3028","Lippspringe, Bad","8,8388","51,7854","157.0","https://cdc.dwd.de/rest/metadata/station/html/812300463591"
"6337","Lüdinghausen-Brochtrup","7,5194","51,7663","59.0","https://cdc.dwd.de/rest/metadata/station/html/812300468583"
"598","Bonn","7,0839","50,7285","62.0","https://cdc.dwd.de/rest/metadata/station/html/812300469863"
"1214","Elzach-Fisnacht","8,1088","48,2012","431.0","https://cdc.dwd.de/rest/metadata/station/html/812300472295"
"330","Oberzent-Beerfelden","8,9673","49,5617","455.0","https://cdc.dwd.de/rest/metadata/station/html/812300473575"
"5467","Wendelstein","12,0119","47,7035","1832.0","https://cdc.dwd.de/rest/metadata/station/html/812300475431"
"3278","Metzingen","9,2734","48,5377","354.0","https://cdc.dwd.de/rest/metadata/station/html/812300477287"
"3287","Michelstadt-Vielbrunn","9,0997","49,7177","453.0","https://cdc.dwd.de/rest/metadata/station/html/812300478567"
"2360","Hüll","11,6769","48,6018","438.0","https://cdc.dwd.de/rest/metadata/station/html/812300481703"
"4887","Stötten","9,8648","48,6656","734.0","https://cdc.dwd.de/rest/metadata/station/html/812300482279"
"15207","Schauenburg-Elgershausen","9,3590","51,2835","317.0","https://cdc.dwd.de/rest/metadata/station/html/812300483559"
"3076","Ludwigshafen-Mundenheim","8,4246","49,4606","95.0","https://cdc.dwd.de/rest/metadata/station/html/812300484839"
"7331","Hermaringen-Allewind","10,2674","48,6099","467.0","https://cdc.dwd.de/rest/metadata/station/html/812300487271"
"5009","Teterow","12,5574","53,7610","38.0","https://cdc.dwd.de/rest/metadata/station/html/812300488551"
"4425","Schaumberg-Tholey","7,0290","49,4864","569.0","https://cdc.dwd.de/rest/metadata/station/html/812300489831"
"4125","Reichenhall, Bad","12,8740","47,7238","470.0","https://cdc.dwd.de/rest/metadata/station/html/812300491687"
"2437","Schleswig-Jagel","9,5203","54,4570","21.0","https://cdc.dwd.de/rest/metadata/station/html/812300493543"
"303","Baruth","13,4997","52,0613","55.0","https://cdc.dwd.de/rest/metadata/station/html/812300495399"
"460","Berus","6,6868","49,2641","363.0","https://cdc.dwd.de/rest/metadata/station/html/812300498535"
"5546","Wiesenburg","12,4585","52,1207","187.0","https://cdc.dwd.de/rest/metadata/station/html/812300500391"
"417","Berlin-Lichterfelde (Süd)","13,3036","52,4144","43.0","https://cdc.dwd.de/rest/metadata/station/html/812300501671"
"3366","Mühldorf","12,5024","48,2790","406.0","https://cdc.dwd.de/rest/metadata/station/html/812300502247"
"662","Braunschweig","10,4464","52,2915","81.0","https://cdc.dwd.de/rest/metadata/station/html/812300505383"
"3577","Neustrelitz","13,0502","53,3585","64.0","https://cdc.dwd.de/rest/metadata/station/html/812300506663"
"4373","Salzwedel","11,1319","52,8568","29.0","https://cdc.dwd.de/rest/metadata/station/html/812300509799"
"660","Braunschweig-Gliesmarode","10,5656","52,2744","83.0","https://cdc.dwd.de/rest/metadata/station/html/812300511655"
"4605","Schwarzburg","11,1936","50,6441","277.0","https://cdc.dwd.de/rest/metadata/station/html/812300512231"
"3671","Nürtingen","9,3261","48,6321","280.0","https://cdc.dwd.de/rest/metadata/station/html/812300513511"
"6159","Dörpen","7,3196","52,9542","8.0","https://cdc.dwd.de/rest/metadata/station/html/812300515367"
"2120","Helmstedt","11,0219","52,2164","140.0","https://cdc.dwd.de/rest/metadata/station/html/812300516647"
"4582","Schwäbisch Hall-Bibersfeld","9,6892","49,0823","358.0","https://cdc.dwd.de/rest/metadata/station/html/812300518503"
"4029","Quakenbrück","7,9544","52,6691","25.0","https://cdc.dwd.de/rest/metadata/station/html/812300521639"
"5099","Trier-Zewen","6,6131","49,7326","132.0","https://cdc.dwd.de/rest/metadata/station/html/812300522215"
"4748","Sondershausen","10,9059","51,3520","221.0","https://cdc.dwd.de/rest/metadata/station/html/812300524071"
"4038","Quickborn (Kurzer Kamp)","9,9071","53,7276","27.0","https://cdc.dwd.de/rest/metadata/station/html/812300524775"
"3","Aachen","6,0941","50,7827","202.0","https://cdc.dwd.de/rest/metadata/station/html/812300526631"
"5433","Weiskirchen/Saar","6,8120","49,5534","380.0","https://cdc.dwd.de/rest/metadata/station/html/812300530343"
"1891","Rheda-Wiedenbrück-Lintel","8,3577","51,8771","73.0","https://cdc.dwd.de/rest/metadata/station/html/812300531623"
"2638","Klippeneck","8,7548","48,1054","973.0","https://cdc.dwd.de/rest/metadata/station/html/812300534055"
"4100","Recklinghausen","7,1820","51,6243","109.0","https://cdc.dwd.de/rest/metadata/station/html/812300536615"
"722","Brocken","10,6183","51,7986","1135.0","https://cdc.dwd.de/rest/metadata/station/html/812300537191"
"1844","Feldkirchen-Westerham-Lenzmühle","11,9004","47,9411","517.0","https://cdc.dwd.de/rest/metadata/station/html/812300538471"
"4169","Rheinau-Memprechtshofen","7,9939","48,6703","131.0","https://cdc.dwd.de/rest/metadata/station/html/812300539047"
"5300","Waldems-Reinborn","8,3607","50,2596","380.0","https://cdc.dwd.de/rest/metadata/station/html/812300540327"
"4592","Schwandorf","12,0871","49,3278","356.0","https://cdc.dwd.de/rest/metadata/station/html/812300542183"
"2831","Landshut","12,1132","48,5357","393.0","https://cdc.dwd.de/rest/metadata/station/html/812300543463"
"6258","Friedrichshafen-Unterraderach","9,4409","47,6845","461.0","https://cdc.dwd.de/rest/metadata/station/html/812300544039"
"2201","Hiddensee-Vitte","13,1044","54,5750","1.0","https://cdc.dwd.de/rest/metadata/station/html/812300545319"
"14311","Hersdorf-Weißenseifen","6,5528","50,1500","530.0","https://cdc.dwd.de/rest/metadata/station/html/812300546599"
"6312","Markt Erlbach-Mosbach","10,6418","49,5314","362.0","https://cdc.dwd.de/rest/metadata/station/html/812300547175"
"3735","Obertaufkirchen","12,2760","48,2635","455.0","https://cdc.dwd.de/rest/metadata/station/html/812300548455"
"217","Attenkam","11,3643","47,8774","670.0","https://cdc.dwd.de/rest/metadata/station/html/812300549031"
"1266","Erfde","9,3162","54,2992","18.0","https://cdc.dwd.de/rest/metadata/station/html/812300550311"
"400","Berlin-Buch","13,5022","52,6309","60.0","https://cdc.dwd.de/rest/metadata/station/html/812300552167"
"4896","Wagersrott","9,8050","54,6654","40.0","https://cdc.dwd.de/rest/metadata/station/html/812300555303"
"3015","Lindenberg","14,1180","52,2085","98.0","https://cdc.dwd.de/rest/metadata/station/html/812300557159"
"5904","Mainburg","11,7772","48,6493","431.0","https://cdc.dwd.de/rest/metadata/station/html/812300558439"
"2829","Landsberg (Flugplatz)","10,9144","48,0772","621.0","https://cdc.dwd.de/rest/metadata/station/html/812300559015"
"4336","Saarbrücken-Ensheim","7,1077","49,2128","320.0","https://cdc.dwd.de/rest/metadata/station/html/812300560295"
"44","Großenkneten","8,2370","52,9336","44.0","https://cdc.dwd.de/rest/metadata/station/html/812300562151"
"1051","Dresden-Strehlen","13,7750","51,0248","120.0","https://cdc.dwd.de/rest/metadata/station/html/812300563431"
"2080","Heidelberg","8,6676","49,4206","110.0","https://cdc.dwd.de/rest/metadata/station/html/812300565287"
"1488","Friedrichsbrunn","11,0394","51,6884","523.0","https://cdc.dwd.de/rest/metadata/station/html/812300566567"
"2014","Hannover","9,6779","52,4644","58.0","https://cdc.dwd.de/rest/metadata/station/html/812300567143"
"243","Aurich","7,4670","53,4621","4.0","https://cdc.dwd.de/rest/metadata/station/html/812300568423"
"3204","Martinroda","10,8815","50,7335","429.0","https://cdc.dwd.de/rest/metadata/station/html/812300568999"
"169","Annaberg-Buchholz","13,0053","50,5730","630.0","https://cdc.dwd.de/rest/metadata/station/html/812300571559"
"5146","Uelzen","10,5289","52,9414","50.0","https://cdc.dwd.de/rest/metadata/station/html/812300572135"
"1204","Elsfleth","8,4612","53,2346","1.0","https://cdc.dwd.de/rest/metadata/station/html/812300573415"
"13711","Krölpa-Rockendorf","11,5150","50,6820","289.0","https://cdc.dwd.de/rest/metadata/station/html/812300573991"
"4656","Segeberg, Bad","10,2993","53,9278","49.0","https://cdc.dwd.de/rest/metadata/station/html/812300575847"
"3490","Neuenahr, Bad-Ahrweiler","7,0853","50,5346","111.0","https://cdc.dwd.de/rest/metadata/station/html/812300578983"
"2503","Kaltennordheim","10,1455","50,6266","487.0","https://cdc.dwd.de/rest/metadata/station/html/812300580839"
"3085","Lübeck","10,6915","53,8773","15.0","https://cdc.dwd.de/rest/metadata/station/html/812300581543"
"3540","Neunkirchen-Seelscheid-Krawinkel","7,3720","50,8446","195.0","https://cdc.dwd.de/rest/metadata/station/html/812300582119"
"5344","Wangerooge","7,9096","53,7865","2.0","https://cdc.dwd.de/rest/metadata/station/html/812300583399"
"1957","Halle-Kröllwitz","11,9499","51,5138","93.0","https://cdc.dwd.de/rest/metadata/station/html/812300583975"
"7374","Ahaus","6,9409","52,0813","46.0","https://cdc.dwd.de/rest/metadata/station/html/812300587111"
"7420","Naumburg/Saale-Kreipitzsch","11,7112","51,1044","246.0","https://cdc.dwd.de/rest/metadata/station/html/812300588967"
"284","Bamberg (Sternwarte)","10,8800","49,8800","282.0","https://cdc.dwd.de/rest/metadata/station/html/812300590247"
"1443","Freiburg","7,8343","48,0232","236.0","https://cdc.dwd.de/rest/metadata/station/html/812300590823"
"979","Dillenburg","8,2672","50,7364","314.0","https://cdc.dwd.de/rest/metadata/station/html/812300592103"
"3096","Lüdenscheid (Zeppelin-Gymnasium)","7,6359","51,2131","444.0","https://cdc.dwd.de/rest/metadata/station/html/812300593383"
"5792","Zugspitze","10,9848","47,4210","2965.0","https://cdc.dwd.de/rest/metadata/station/html/812300593959"
"3603","Niederstetten","9,9667","49,3895","459.0","https://cdc.dwd.de/rest/metadata/station/html/812300595815"
"4411","Schaafheim-Schlierbach","8,9671","49,9195","155.0","https://cdc.dwd.de/rest/metadata/station/html/812300597095"
"348","Bendorf","7,5886","50,4135","127.0","https://cdc.dwd.de/rest/metadata/station/html/812300598375"
"4261","Rosenheim","12,1280","47,8753","442.0","https://cdc.dwd.de/rest/metadata/station/html/812300598951"
"2521","Karlshuld","11,2961","48,6765","374.0","https://cdc.dwd.de/rest/metadata/station/html/812300600231"
"5155","Ulm","9,9524","48,3837","567.0","https://cdc.dwd.de/rest/metadata/station/html/812300600807"
"298","Barth","12,7108","54,3405","3.0","https://cdc.dwd.de/rest/metadata/station/html/812300602087"
"3575","Neustadt/Weinstraße","8,1405","49,3570","163.0","https://cdc.dwd.de/rest/metadata/station/html/812300603367"
"5440","Weißenburg-Emetzheim","10,9308","49,0115","439.0","https://cdc.dwd.de/rest/metadata/station/html/812300603943"
"3385","München-Nymphenburg","11,5011","48,1660","515.0","https://cdc.dwd.de/rest/metadata/station/html/812300605223"
"15444","Ulm-Mähringen","9,9216","48,4418","593.0","https://cdc.dwd.de/rest/metadata/station/html/812300605799"
"5142","Ueckermünde","14,0697","53,7444","1.0","https://cdc.dwd.de/rest/metadata/station/html/812300607079"
"7394","Wunsiedel-Schönbrunn","11,9745","50,0315","622.0","https://cdc.dwd.de/rest/metadata/station/html/812300608935"
"1262","München-Flughafen","11,8134","48,3477","446.0","https://cdc.dwd.de/rest/metadata/station/html/812300610791"
"2961","Leuchtturm Kiel","10,2737","54,4996","31.0","https://cdc.dwd.de/rest/metadata/station/html/812300612071"
"1001","Doberlug-Kirchhain","13,5747","51,6451","97.0","https://cdc.dwd.de/rest/metadata/station/html/812300613927"
"2597","Kissingen, Bad","10,0792","50,2240","282.0","https://cdc.dwd.de/rest/metadata/station/html/812300615783"
"5825","Berge","12,7867","52,6198","40.0","https://cdc.dwd.de/rest/metadata/station/html/812300618919"
"3485","Neuburg/Kammel-Langenhaslach","10,3773","48,3115","486.0","https://cdc.dwd.de/rest/metadata/station/html/812300620775"
"5644","Witzenhausen","9,8438","51,3493","133.0","https://cdc.dwd.de/rest/metadata/station/html/812300623335"
"850","Celle","10,0296","52,5959","39.0","https://cdc.dwd.de/rest/metadata/station/html/812300623911"
"1270","Erfurt-Weimar","10,9608","50,9829","316.0","https://cdc.dwd.de/rest/metadata/station/html/812300625767"
"4782","Spören-Prussendorf","12,1093","51,6040","87.0","https://cdc.dwd.de/rest/metadata/station/html/812300628327"
"5424","Weimar-Schöndorf","11,3544","51,0177","328.0","https://cdc.dwd.de/rest/metadata/station/html/812300630759"
"5282","Wahnsdorf bei Dresden","13,6744","51,1197","246.0","https://cdc.dwd.de/rest/metadata/station/html/812300633319"
"7373","Borkum-Flugplatz","6,7024","53,5984","3.0","https://cdc.dwd.de/rest/metadata/station/html/812300633895"
"2464","Jork","9,6752","53,5316","1.0","https://cdc.dwd.de/rest/metadata/station/html/812300635175"
"4837","Stegen","7,9466","47,9869","363.0","https://cdc.dwd.de/rest/metadata/station/html/812300637031"
"2374","Husum","9,0564","54,4752","3.0","https://cdc.dwd.de/rest/metadata/station/html/812300638311"
"2629","Kleve","6,0954","51,7612","46.0","https://cdc.dwd.de/rest/metadata/station/html/812300638887"
"4367","Salzhemmendorf-Lauenstein","9,5520","52,0781","175.0","https://cdc.dwd.de/rest/metadata/station/html/812300640167"
"5419","Weimar","11,3076","50,9751","264.0","https://cdc.dwd.de/rest/metadata/station/html/812300642599"
"5480","Werl","7,8879","51,5763","85.0","https://cdc.dwd.de/rest/metadata/station/html/812300643879"
"326","Beckum-Unterberg","8,0577","51,7204","120.0","https://cdc.dwd.de/rest/metadata/station/html/812300645159"
"5158","Ummendorf","11,1759","52,1601","162.0","https://cdc.dwd.de/rest/metadata/station/html/812300645735"
"259","Müllheim","7,6387","47,8064","273.0","https://cdc.dwd.de/rest/metadata/station/html/812300647591"
"2814","Merklingen","9,7645","48,5121","685.0","https://cdc.dwd.de/rest/metadata/station/html/812300652583"
"2601","Kleiner Feldberg/Taunus","8,4469","50,2218","826.0","https://cdc.dwd.de/rest/metadata/station/html/812300653863"
"4442","Schieder","9,1533","51,9119","155.0","https://cdc.dwd.de/rest/metadata/station/html/812300655143"
"2953","Lenzkirch-Ruhbühl","8,2308","47,8597","852.0","https://cdc.dwd.de/rest/metadata/station/html/812300655719"
"4189","Altheim, Kreis Biberach","9,4596","48,1479","533.0","https://cdc.dwd.de/rest/metadata/station/html/812300657575"
"6344","Runkel-Ennerich","8,1423","50,3940","168.0","https://cdc.dwd.de/rest/metadata/station/html/812300658855"
"4911","Straubing","12,5597","48,8275","351.0","https://cdc.dwd.de/rest/metadata/station/html/812300660711"
"3196","Marnitz","11,9319","53,3223","81.0","https://cdc.dwd.de/rest/metadata/station/html/812300663847"
"6347","Schonungen-Mainberg","10,2972","50,0579","304.0","https://cdc.dwd.de/rest/metadata/station/html/812300665703"
"320","Heinersreuth-Vollhof","11,5197","49,9667","350.0","https://cdc.dwd.de/rest/metadata/station/html/812300667559"
"2115","Helgoland","7,8920","54,1750","4.0","https://cdc.dwd.de/rest/metadata/station/html/812300668839"
"5075","Traunstein-Axdorf","12,6182","47,8516","635.0","https://cdc.dwd.de/rest/metadata/station/html/812300671975"
"2261","Hof","11,8760","50,3123","565.0","https://cdc.dwd.de/rest/metadata/station/html/812300672551"
"5930","Schönhagen (Ostseebad)","10,0238","54,6410","1.0","https://cdc.dwd.de/rest/metadata/station/html/812300673831"
"3376","Müncheberg","14,1232","52,5176","63.0","https://cdc.dwd.de/rest/metadata/station/html/812300675687"
"3244","Memmingen","10,1384","47,9820","615.0","https://cdc.dwd.de/rest/metadata/station/html/812300677543"
"881","Crailsheim-Alexandersreut","10,0979","49,0985","423.0","https://cdc.dwd.de/rest/metadata/station/html/812300678823"
"13965","Balingen-Bronnhaupten","8,8134","48,2639","619.0","https://cdc.dwd.de/rest/metadata/station/html/812300681214"
"1000","Doberan, Bad-Heiligendamm","11,8454","54,1442","3.0","https://cdc.dwd.de/rest/metadata/station/html/812300681959"
"3875","Parsberg/Oberpfalz-Eglwang","11,6896","49,1510","549.0","https://cdc.dwd.de/rest/metadata/station/html/812300682535"
"2088","Heidenheim/Brenz","10,1307","48,6765","498.0","https://cdc.dwd.de/rest/metadata/station/html/812300683815"
"3023","Lingen","7,3081","52,5181","22.0","https://cdc.dwd.de/rest/metadata/station/html/812300685671"
"619","Borkum-Süderstraße","6,6703","53,5788","12.0","https://cdc.dwd.de/rest/metadata/station/html/812300686951"
"3513","Neuhaus am Rennweg","11,1344","50,5002","845.0","https://cdc.dwd.de/rest/metadata/station/html/812300687527"
"377","Bergzabern, Bad","7,9967","49,1070","210.0","https://cdc.dwd.de/rest/metadata/station/html/812300692519"
"5732","Wrixum/Föhr","8,5271","54,6928","8.0","https://cdc.dwd.de/rest/metadata/station/html/812300694375"
"1378","Flensburg","9,4182","54,8086","45.0","https://cdc.dwd.de/rest/metadata/station/html/812300695079"
"1303","Essen-Bredeney","6,9677","51,4041","150.0","https://cdc.dwd.de/rest/metadata/station/html/812300695655"
"3790","Oldenburg (A)","8,2516","53,1018","5.0","https://cdc.dwd.de/rest/metadata/station/html/812300696935"
"4301","Kreuznach, Bad","7,8710","49,8502","102.0","https://cdc.dwd.de/rest/metadata/station/html/812300697511"
"5128","Tuttlingen-Möhringen-Vorstadt","8,7900","47,9682","668.0","https://cdc.dwd.de/rest/metadata/station/html/812300698791"
"3317","Mölln","10,6943","53,6128","42.0","https://cdc.dwd.de/rest/metadata/station/html/812300700071"
"4063","Rahden-Kleinendorf","8,5906","52,4461","41.0","https://cdc.dwd.de/rest/metadata/station/html/812300700647"
"3126","Magdeburg","11,5827","52,1029","79.0","https://cdc.dwd.de/rest/metadata/station/html/812300702503"
"3811","Oschatz","13,0928","51,2960","150.0","https://cdc.dwd.de/rest/metadata/station/html/812300707495"
"3320","Mönchengladbach","6,4499","51,1970","49.0","https://cdc.dwd.de/rest/metadata/station/html/812300711911"
"1522","Fürth/Bayern (A)","10,9640","49,4811","313.0","https://cdc.dwd.de/rest/metadata/station/html/812300713767"
"4763","Sontra","9,9266","51,0607","265.0","https://cdc.dwd.de/rest/metadata/station/html/812300715623"
"4354","Saldenburg-Entschenreuth","13,3146","48,7832","457.0","https://cdc.dwd.de/rest/metadata/station/html/812300717479"
"2761","Krumbach-Edenhausen","10,4163","48,2510","520.0","https://cdc.dwd.de/rest/metadata/station/html/812300718759"
"5562","Neubulach-Oberhaugstett","8,6801","48,6516","570.0","https://cdc.dwd.de/rest/metadata/station/html/812300719335"
"1694","Goldberg","12,1034","53,6058","58.0","https://cdc.dwd.de/rest/metadata/station/html/812300720615"
"3659","Nürburg","6,9501","50,3391","627.0","https://cdc.dwd.de/rest/metadata/station/html/812300721895"
"5800","Zwiesel","13,2385","49,0280","615.0","https://cdc.dwd.de/rest/metadata/station/html/812300722471"
"3565","Neustadt/Aisch","10,6001","49,5728","315.0","https://cdc.dwd.de/rest/metadata/station/html/812300723751"
"7424","Piding","12,9073","47,7724","457.0","https://cdc.dwd.de/rest/metadata/station/html/812300727463"
"3897","Pelzerhaken","10,8773","54,0893","2.0","https://cdc.dwd.de/rest/metadata/station/html/812300730599"
"1526","Fulda-Horas","9,6533","50,5668","242.0","https://cdc.dwd.de/rest/metadata/station/html/812300731879"
"2627","Klettwitz","13,8845","51,5554","128.0","https://cdc.dwd.de/rest/metadata/station/html/812300732455"
"2700","Kösching","11,4872","48,8302","416.0","https://cdc.dwd.de/rest/metadata/station/html/812300734311"
"474","Warthausen-Birkenhard","9,7639","48,1252","599.0","https://cdc.dwd.de/rest/metadata/station/html/812300735591"
"7244","Neuglobsow (HM)","13,0319","53,1424","62.0","https://cdc.dwd.de/rest/metadata/station/html/812300737447"
"207","Aschersleben","11,4667","51,7498","105.0","https://cdc.dwd.de/rest/metadata/station/html/812300741863"
"1339","Faßberg","10,1885","52,9157","73.0","https://cdc.dwd.de/rest/metadata/station/html/812300742439"
"2444","Jena (Sternwarte)","11,5830","50,9251","155.0","https://cdc.dwd.de/rest/metadata/station/html/812300744295"
"2949","Lenningen-Schopfloch","9,5275","48,5396","758.0","https://cdc.dwd.de/rest/metadata/station/html/812300745575"
"4745","Soltau","9,7930","52,9604","75.0","https://cdc.dwd.de/rest/metadata/station/html/812300747431"
"863","Clausthal-Zellerfeld","10,3470","51,7904","585.0","https://cdc.dwd.de/rest/metadata/station/html/812300748711"
"2861","Langeoog","7,4775","53,7445","5.0","https://cdc.dwd.de/rest/metadata/station/html/812300753703"
"3137","Mainz-Lerchenberg (ZDF)","8,2139","49,9656","195.0","https://cdc.dwd.de/rest/metadata/station/html/812300754279"
"4927","Stuttgart-Stadt","9,1814","48,7693","286.0","https://cdc.dwd.de/rest/metadata/station/html/812300755559"
"2968","Köln-Stammheim","6,9777","50,9894","43.0","https://cdc.dwd.de/rest/metadata/station/html/812300757415"
"445","Bernburg/Saale (Nord)","11,7110","51,8218","85.0","https://cdc.dwd.de/rest/metadata/station/html/812300759271"
"6264","Brilon-Thülen","8,6500","51,4140","457.0","https://cdc.dwd.de/rest/metadata/station/html/812300762407"
"554","Bocholt-Liedern (Wasserwerk)","6,5365","51,8293","23.0","https://cdc.dwd.de/rest/metadata/station/html/812300763687"
"221","Au i.d.Hallertau-Günzenhausen","11,7117","48,5515","483.0","https://cdc.dwd.de/rest/metadata/station/html/812300765543"
"1197","Ellwangen-Rindelbach","10,1312","48,9895","460.0","https://cdc.dwd.de/rest/metadata/station/html/812300766119"
"2474","Jülich (Forsch.-Anlage)","6,4093","50,9104","91.0","https://cdc.dwd.de/rest/metadata/station/html/812300768679"
"3752","Ochsenkopf","11,8074","50,0300","1014.0","https://cdc.dwd.de/rest/metadata/station/html/812300769255"
"3268","Meßstetten-Appental","8,9433","48,1694","900.0","https://cdc.dwd.de/rest/metadata/station/html/812300771111"
"7410","Neu-Ulrichstein","9,0224","50,7513","350.0","https://cdc.dwd.de/rest/metadata/station/html/812300777383"
"3007","Limburgerhof","8,3980","49,4111","96.0","https://cdc.dwd.de/rest/metadata/station/html/812300778663"
"4625","Schwerin","11,3872","53,6425","59.0","https://cdc.dwd.de/rest/metadata/station/html/812300782375"
"4066","Raisting","11,1048","47,9091","553.0","https://cdc.dwd.de/rest/metadata/station/html/812300785511"
"983","Dillingen/Donau-Fristingen","10,5599","48,5562","419.0","https://cdc.dwd.de/rest/metadata/station/html/812300786087"
"2429","Itzehoe","9,5696","53,9897","21.0","https://cdc.dwd.de/rest/metadata/station/html/812300787367"
"480","Biedenkopf-Wallau","8,4935","50,9275","296.0","https://cdc.dwd.de/rest/metadata/station/html/812300788647"
"164","Angermünde","13,9908","53,0316","54.0","https://cdc.dwd.de/rest/metadata/station/html/812300789223"
"2533","Kassel-Harleshausen","9,4506","51,3340","198.0","https://cdc.dwd.de/rest/metadata/station/html/812300793639"
"3987","Potsdam","13,0622","52,3813","81.0","https://cdc.dwd.de/rest/metadata/station/html/812300794215"
"656","Braunlage","10,6021","51,7234","607.0","https://cdc.dwd.de/rest/metadata/station/html/812300799207"
"3478","Neubrandenburg","13,1914","53,5468","81.0","https://cdc.dwd.de/rest/metadata/station/html/812300800487"
"7298","Hattstedt","9,0425","54,5268","5.0","https://cdc.dwd.de/rest/metadata/station/html/812300801063"
"2388","Ihringen","7,6322","48,0419","193.0","https://cdc.dwd.de/rest/metadata/station/html/812300802343"
"645","Bramsche","7,9682","52,4083","75.0","https://cdc.dwd.de/rest/metadata/station/html/812300805479"
"4501","Schmücke","10,7693","50,6546","937.0","https://cdc.dwd.de/rest/metadata/station/html/812300806055"
"3788","Olbersdorf","14,7628","50,8646","305.0","https://cdc.dwd.de/rest/metadata/station/html/812300808615"
"953","Deuselbach","7,0542","49,7619","481.0","https://cdc.dwd.de/rest/metadata/station/html/812300811047"
"1667","Glückstadt","9,4295","53,7970","1.0","https://cdc.dwd.de/rest/metadata/station/html/812300813607"
"1766","Münster/Osnabrück","7,6969","52,1344","48.0","https://cdc.dwd.de/rest/metadata/station/html/812300814183"
"3955","Plön (See)","10,4020","54,1590","24.0","https://cdc.dwd.de/rest/metadata/station/html/812300818599"
"4371","Salzuflen, Bad","8,7521","52,1042","135.0","https://cdc.dwd.de/rest/metadata/station/html/812300819175"
"13776","Hildesheim-Drispenstedt","9,9524","52,1789","85.0","https://cdc.dwd.de/rest/metadata/station/html/812300820455"
"4032","Quedlinburg","11,1320","51,7953","142.0","https://cdc.dwd.de/rest/metadata/station/html/812300821031"
"853","Chemnitz","12,8720","50,7913","418.0","https://cdc.dwd.de/rest/metadata/station/html/812300822311"
"5029","Tholey","7,0385","49,4737","386.0","https://cdc.dwd.de/rest/metadata/station/html/812300824167"
"1238","Engelskirchen","7,4250","50,9884","144.0","https://cdc.dwd.de/rest/metadata/station/html/812300825447"
"1639","Gießen/Wettenberg","8,6439","50,6017","203.0","https://cdc.dwd.de/rest/metadata/station/html/812300829159"
"1358","Fichtelberg","12,9535","50,4283","1213.0","https://cdc.dwd.de/rest/metadata/station/html/812300831015"
"4160","Renningen-Ihinger Hof","8,9240","48,7425","478.0","https://cdc.dwd.de/rest/metadata/station/html/812300832871"
"5279","Wesertal-Lippoldsberg","9,5749","51,6194","176.0","https://cdc.dwd.de/rest/metadata/station/html/812300834151"
"5906","Mannheim","8,5585","49,5062","98.0","https://cdc.dwd.de/rest/metadata/station/html/812300837863"
"1803","Groß Lüsewitz","12,3238","54,0714","34.0","https://cdc.dwd.de/rest/metadata/station/html/812300839143"
"6158","Weidenbach-Weiherschneidbach","10,6084","49,2247","455.0","https://cdc.dwd.de/rest/metadata/station/html/812300840999"
"3722","Oberschleißheim","11,5528","48,2443","484.0","https://cdc.dwd.de/rest/metadata/station/html/812300842279"
"1200","Elpersbüttel","9,0105","54,0691","3.0","https://cdc.dwd.de/rest/metadata/station/html/812300844135"
"1990","Hamburg-Wandsbek","10,1293","53,5853","18.0","https://cdc.dwd.de/rest/metadata/station/html/812300845415"
"1587","Gelbelsee","11,4289","48,9481","536.0","https://cdc.dwd.de/rest/metadata/station/html/812300847847"
"4466","Schleswig","9,5487","54,5275","43.0","https://cdc.dwd.de/rest/metadata/station/html/812300849127"
"2951","Lenzen/Elbe","11,4864","53,1007","20.0","https://cdc.dwd.de/rest/metadata/station/html/812300850983"
"5890","Kohlgrub, Bad (A)","11,0473","47,6777","850.0","https://cdc.dwd.de/rest/metadata/station/html/812300852263"
"710","Bretten","8,6991","49,0250","181.0","https://cdc.dwd.de/rest/metadata/station/html/812300854119"
"701","Bremerhaven","8,5761","53,5332","6.0","https://cdc.dwd.de/rest/metadata/station/html/812300855975"
"129","Altentreptow","13,2420","53,6893","33.0","https://cdc.dwd.de/rest/metadata/station/html/812300857255"
"3730","Oberstdorf","10,2759","47,3984","806.0","https://cdc.dwd.de/rest/metadata/station/html/812300857831"
"1182","Eisleben-Helfta","11,5705","51,5029","146.0","https://cdc.dwd.de/rest/metadata/station/html/812300860391"
"1691","Göttingen","9,9507","51,5002","167.0","https://cdc.dwd.de/rest/metadata/station/html/812300860967"
"5014","Worpswede-Hüttenbusch","8,9857","53,2758","7.0","https://cdc.dwd.de/rest/metadata/station/html/812300865959"
"1172","Einbeck","9,8871","51,8189","123.0","https://cdc.dwd.de/rest/metadata/station/html/812300867239"
"648","Brande-Hörnerkirchen","9,7152","53,8551","9.0","https://cdc.dwd.de/rest/metadata/station/html/812300870375"
"603","Königswinter-Heiderhof","7,2040","50,7293","147.0","https://cdc.dwd.de/rest/metadata/station/html/812300870951"
"3103","Lüneburg","10,4240","53,2657","11.0","https://cdc.dwd.de/rest/metadata/station/html/812300872231"
"3098","Lüdenscheid","7,6425","51,2452","387.0","https://cdc.dwd.de/rest/metadata/station/html/812300875943"
"5252","Voldagsen","9,5845","52,1030","100.0","https://cdc.dwd.de/rest/metadata/station/html/812300877223"
"1605","Genthin","12,1601","52,3875","35.0","https://cdc.dwd.de/rest/metadata/station/html/812300877799"
"1426","Frankfurt/Oder","14,5080","52,3397","65.0","https://cdc.dwd.de/rest/metadata/station/html/812300879655"
"7330","Arnsberg-Neheim","7,9780","51,4633","159.0","https://cdc.dwd.de/rest/metadata/station/html/812300880935"
"1255","Eppingen-Elsenz","8,8523","49,1664","220.0","https://cdc.dwd.de/rest/metadata/station/html/812300884647"
"4091","Rauschberg bei Ruhpolding","12,6827","47,7327","1640.0","https://cdc.dwd.de/rest/metadata/station/html/812300887783"
"3402","Münsingen-Apfelstetten","9,4837","48,3851","750.0","https://cdc.dwd.de/rest/metadata/station/html/812300889639"
"3527","Neukirchen-Hauptschwenda","9,4050","50,8923","500.0","https://cdc.dwd.de/rest/metadata/station/html/812300890919"
"174","Annweiler-Bindersbach","7,9766","49,1886","250.0","https://cdc.dwd.de/rest/metadata/station/html/812300892199"
"4104","Regensburg","12,1019","49,0425","365.0","https://cdc.dwd.de/rest/metadata/station/html/812300892775"
"4931","Stuttgart-Echterdingen","9,2235","48,6883","371.0","https://cdc.dwd.de/rest/metadata/station/html/812300894631"
"183","Arkona","13,4344","54,6791","42.0","https://cdc.dwd.de/rest/metadata/station/html/812300895911"
"5404","Weihenstephan-Dürnast","11,6946","48,4024","477.0","https://cdc.dwd.de/rest/metadata/station/html/812300897767"
"3383","München-Botanischer Garten","11,5019","48,1635","515.0","https://cdc.dwd.de/rest/metadata/station/html/812300899047"
"13674","Waibstadt","8,9053","49,2943","237.0","https://cdc.dwd.de/rest/metadata/station/html/812300899623"
"5109","Trollenhagen","13,3039","53,5997","69.0","https://cdc.dwd.de/rest/metadata/station/html/812300900903"
"7370","Waldmünchen","12,6838","49,3910","499.0","https://cdc.dwd.de/rest/metadata/station/html/812300902759"
"2907","Leck","8,9514","54,7903","7.0","https://cdc.dwd.de/rest/metadata/station/html/812300905895"
"880","Cottbus","14,3168","51,7760","69.0","https://cdc.dwd.de/rest/metadata/station/html/812300907751"
"2559","Kempten","10,3348","47,7233","705.0","https://cdc.dwd.de/rest/metadata/station/html/812300909607"
"5745","Zehdenick","13,3268","52,9664","51.0","https://cdc.dwd.de/rest/metadata/station/html/812300912743"
"1243","Eningen","9,3028","48,4734","705.0","https://cdc.dwd.de/rest/metadata/station/html/812300915879"
"5568","Wildungen, Bad","9,1081","51,1056","310.0","https://cdc.dwd.de/rest/metadata/station/html/812300917159"
"769","Bückeburg","9,0889","52,2817","68.0","https://cdc.dwd.de/rest/metadata/station/html/812300917735"
"3631","Norderney","7,1519","53,7123","11.0","https://cdc.dwd.de/rest/metadata/station/html/812300922727"
"703","Bremervörde (A)","9,1553","53,4779","5.0","https://cdc.dwd.de/rest/metadata/station/html/812300924007"
"4222","Rodewisch","12,4091","50,5263","464.0","https://cdc.dwd.de/rest/metadata/station/html/812300927143"
"7367","Alfeld","9,8072","51,9643","144.0","https://cdc.dwd.de/rest/metadata/station/html/812300927719"
"2456","Jever","7,8806","53,5322","7.0","https://cdc.dwd.de/rest/metadata/station/html/812300928999"
"1188","Elgersburg","10,8576","50,7041","518.0","https://cdc.dwd.de/rest/metadata/station/html/812300931431"
"2122","Helse, Kr. Dithmarschen","9,0095","53,9701","2.0","https://cdc.dwd.de/rest/metadata/station/html/812300932135"
"2497","Kall-Sistig","6,5264","50,5014","505.0","https://cdc.dwd.de/rest/metadata/station/html/812300932711"
"4364","Salzgitter-Ringelheim","10,3054","52,0355","138.0","https://cdc.dwd.de/rest/metadata/station/html/812300933991"
"5426","Weinbiet","8,1212","49,3758","553.0","https://cdc.dwd.de/rest/metadata/station/html/812300934567"
"4320","Ruhwinkel","10,2223","54,0934","36.0","https://cdc.dwd.de/rest/metadata/station/html/812300937127"
"5347","Warburg","9,1118","51,5039","236.0","https://cdc.dwd.de/rest/metadata/station/html/812300937703"
"186","Arnsberg","8,0713","51,3773","218.0","https://cdc.dwd.de/rest/metadata/station/html/812300938983"
"4642","Seehausen","11,7297","52,8911","21.0","https://cdc.dwd.de/rest/metadata/station/html/812300939559"
"2147","Herford","8,6865","52,1264","77.0","https://cdc.dwd.de/rest/metadata/station/html/812300943975"
"7329","Treuen","12,2863","50,5467","465.0","https://cdc.dwd.de/rest/metadata/station/html/812300944551"
"2812","Lahr","7,8280","48,3647","156.0","https://cdc.dwd.de/rest/metadata/station/html/812300946407"
"2171","Hersfeld, Bad","9,7377","50,8520","272.0","https://cdc.dwd.de/rest/metadata/station/html/812300947687"
"4401","Sassendorf, Bad-Ostinghausen","8,1872","51,6334","81.0","https://cdc.dwd.de/rest/metadata/station/html/812300948967"
"4177","Rheinstetten","8,3301","48,9726","116.0","https://cdc.dwd.de/rest/metadata/station/html/812300951399"
"4706","Simbach/Inn","13,0273","48,2718","358.0","https://cdc.dwd.de/rest/metadata/station/html/812300954535"
"3879","Passau-Oberhaus","13,4694","48,5779","409.0","https://cdc.dwd.de/rest/metadata/station/html/812300960807"
"282","Bamberg","10,9206","49,8743","240.0","https://cdc.dwd.de/rest/metadata/station/html/812300961383"
"1736","Grambek","10,6797","53,5731","27.0","https://cdc.dwd.de/rest/metadata/station/html/812300962663"
"410","Berlin-Kaniswall","13,7309","52,4040","33.0","https://cdc.dwd.de/rest/metadata/station/html/812300964519"
"5074","Traunstein-Sparz","12,6566","47,8663","626.0","https://cdc.dwd.de/rest/metadata/station/html/812300965799"
"2023","Harburg","10,7062","48,7918","501.0","https://cdc.dwd.de/rest/metadata/station/html/812300966375"
"5516","Fehmarn","11,0606","54,5283","3.0","https://cdc.dwd.de/rest/metadata/station/html/812300967655"
"2092","Heidenrod-Mappershain","7,9949","50,1691","496.0","https://cdc.dwd.de/rest/metadata/station/html/812300968935"
"3158","Manschnow","14,5452","52,5468","12.0","https://cdc.dwd.de/rest/metadata/station/html/812300969511"
"102","Leuchtturm Alte Weser","8,1275","53,8633","32.0","https://cdc.dwd.de/rest/metadata/station/html/812300974503"
"5822","Bassum","8,6988","52,8630","40.0","https://cdc.dwd.de/rest/metadata/station/html/812300975038"
"288","Bargischow-Gnevezin","13,7549","53,8409","3.0","https://cdc.dwd.de/rest/metadata/station/html/812300975783"
"2083","Heidelberg-Grenzhof","8,6051","49,4192","110.0","https://cdc.dwd.de/rest/metadata/station/html/812300977639"
"2323","Bevern, Kr. Holzminden","9,4953","51,8529","110.0","https://cdc.dwd.de/rest/metadata/station/html/812300979495"
"1221","Emden-Wolthusen","7,2236","53,3707","0.0","https://cdc.dwd.de/rest/metadata/station/html/812300985767"
"161","Andernach","7,4202","50,4237","75.0","https://cdc.dwd.de/rest/metadata/station/html/812300986343"
"5514","Westerland","8,3123","54,8991","3.0","https://cdc.dwd.de/rest/metadata/station/html/812300988199"
"5127","Tuttlingen","8,8179","48,0083","649.0","https://cdc.dwd.de/rest/metadata/station/html/812300992615"
"3623","Nörvenich (Flugplatz)","6,6602","50,8294","111.0","https://cdc.dwd.de/rest/metadata/station/html/812300994471"
"222","Aue","12,7139","50,5908","393.0","https://cdc.dwd.de/rest/metadata/station/html/812300997607"
"2225","Hinterhermsdorf","14,3667","50,9167","385.0","https://cdc.dwd.de/rest/metadata/station/html/812301000505"
"4347","Sachsa, Bad","10,5691","51,5909","292.0","https://cdc.dwd.de/rest/metadata/station/html/812301000616"
"4505","Schnarrtanne-Vogelsgrün","12,4500","50,5000","708.0","https://cdc.dwd.de/rest/metadata/station/html/812301000628"
"833","Neuhausen/Erzgeb.-Rauschenbach (Talsp.)","13,4975","50,6951","615.0","https://cdc.dwd.de/rest/metadata/station/html/812301000956"
"407","Berlin-Frohnau","13,2858","52,6461","48.0","https://cdc.dwd.de/rest/metadata/station/html/812301001015"
"15555","Kaufbeuren-Oberbeuren","10,5849","47,8761","815.0","https://cdc.dwd.de/rest/metadata/station/html/812301001939"
"379","Berka, Bad (Flugplatz)","11,2665","50,9074","303.0","https://cdc.dwd.de/rest/metadata/station/html/812301001980"
"4391","Sankt Michaelisdonn","9,1125","53,9878","3.0","https://cdc.dwd.de/rest/metadata/station/html/812301002117"
"2393","Ilmenau","10,9073","50,6805","498.0","https://cdc.dwd.de/rest/metadata/station/html/812301002322"
"116","Altenburg","12,4333","50,9833","213.0","https://cdc.dwd.de/rest/metadata/station/html/812301002481"
"2264","Hofgeismar-Beberbeck","9,4786","51,5337","242.0","https://cdc.dwd.de/rest/metadata/station/html/812301003782"
"1583","Geisingberg","13,7732","50,7719","823.0","https://cdc.dwd.de/rest/metadata/station/html/812301004907"
"1758","Greifswald-Wieck","13,4500","54,1000","2.0","https://cdc.dwd.de/rest/metadata/station/html/812301004908"
"5431","Weisen bei Wittenberge","11,8000","53,0333","24.0","https://cdc.dwd.de/rest/metadata/station/html/812301004912"
"2931","Leipzig-Mockau","12,3962","51,3920","128.0","https://cdc.dwd.de/rest/metadata/station/html/812301005186"
"2963","Leunawerke","12,0333","51,3167","92.0","https://cdc.dwd.de/rest/metadata/station/html/812301005189"
"1709","Gottleuba, Bad","13,9333","50,8500","740.0","https://cdc.dwd.de/rest/metadata/station/html/812301005308"
"268","Baiersbronn-Obertal","8,2727","48,5293","622.0","https://cdc.dwd.de/rest/metadata/station/html/812301006428"
"4612","Schwarzenberg","12,7678","50,5513","418.0","https://cdc.dwd.de/rest/metadata/station/html/812301006598"
"5582","Willingen/Upland","8,6026","51,2940","580.0","https://cdc.dwd.de/rest/metadata/station/html/812301006693"
"1834","Grosser Inselsberg","10,4665","50,8519","913.0","https://cdc.dwd.de/rest/metadata/station/html/812301007964"
"1849","Großmehring-Theißing","11,5728","48,8126","408.0","https://cdc.dwd.de/rest/metadata/station/html/812301007966"
"4597","Schwangau-Horn","10,7181","47,5769","792.0","https://cdc.dwd.de/rest/metadata/station/html/812301008120"
"1960","Halle (Stadt)","11,9671","51,4831","102.0","https://cdc.dwd.de/rest/metadata/station/html/812301008338"
"876","Collmberg","13,0096","51,3040","314.0","https://cdc.dwd.de/rest/metadata/station/html/812301008497"
"998","Dobel","8,4921","48,7968","696.0","https://cdc.dwd.de/rest/metadata/station/html/812301009395"
"2409","Ingolstadt (Flussmeisterstelle)","11,4539","48,7662","360.0","https://cdc.dwd.de/rest/metadata/station/html/812301009419"
"3694","Oberhof","10,7256","50,7005","810.0","https://cdc.dwd.de/rest/metadata/station/html/812301009471"
"2324","Holzminden-Silberborn","9,5447","51,7659","440.0","https://cdc.dwd.de/rest/metadata/station/html/812301009740"
"361","Berchtesgaden (KKst)","13,0109","47,6344","550.0","https://cdc.dwd.de/rest/metadata/station/html/812301010888"
"1018","Donaueschingen","8,5046","47,9422","677.0","https://cdc.dwd.de/rest/metadata/station/html/812301010900"
"5063","Tölz, Bad","11,5819","47,7566","724.0","https://cdc.dwd.de/rest/metadata/station/html/812301010906"
"5047","Titisee-Neustadt-Langenordnach","8,1933","47,9394","870.0","https://cdc.dwd.de/rest/metadata/station/html/812301011103"
"5068","Torgau","13,0000","51,5833","80.0","https://cdc.dwd.de/rest/metadata/station/html/812301011106"
"524","Bitterfeld","12,3167","51,6333","80.0","https://cdc.dwd.de/rest/metadata/station/html/812301011490"
"7135","Aulendorf-Haslach","9,6804","47,9655","565.0","https://cdc.dwd.de/rest/metadata/station/html/812301011497"
