<?xml version="1.0"?>
<go:station xmlns:go="http://meteoswiss.ch/oscar/xsd/go" xmlns:wmdscl="http://meteoswiss.ch/oscar/xsd/wmdscl" xmlns:gocl="http://meteoswiss.ch/oscar/xsd/gocl" xmlns:dwdcdc="http://dwd.de/cdc/xsd/mesa">
  <go:StationInfo>
    <go:StationID>812300343207</go:StationID>
    <go:wigosID>0-20000-0-4881</go:wigosID>
    <go:stationName>Stockach</go:stationName>
    <go:stationLongitude>9.015198</go:stationLongitude>
    <go:stationLatitude>47.859069</go:stationLatitude>
    <go:stationElevation>532</go:stationElevation>
    <wmdscl:siteInformation/>
    <wmdscl:country>3-02-68</wmdscl:country>
    <wmdscl:wmoRegion>3-01- TODO</wmdscl:wmoRegion>
    <wmdscl:dateEstablished>1936-11-07T00:00:00</wmdscl:dateEstablished>
    <wmdscl:dateClosed>...</wmdscl:dateClosed>
  </go:StationInfo>
  <wmdscl:event>
    <wmdscl:eventInfo>
      <gocl:modDTFrom>1936-11-07T00:00:00</gocl:modDTFrom>
      <gocl:modDTUntil>1945-02-28T00:00:00</gocl:modDTUntil>
      <go:stationLatitude>47.845966</go:stationLatitude>
      <go:stationLongitude>9.006221</go:stationLongitude>
      <go:stationElevation>469</go:stationElevation>
      <wmdscl:siteInformation>Gelände der Gaswerke / Stadtwerke am südöstlichen Ortsrand.</wmdscl:siteInformation>
    </wmdscl:eventInfo>
    <wmdscl:eventInfo>
      <gocl:modDTFrom>1948-04-01T00:00:00</gocl:modDTFrom>
      <gocl:modDTUntil>1949-03-31T00:00:00</gocl:modDTUntil>
      <go:stationLatitude>47.845966</go:stationLatitude>
      <go:stationLongitude>9.006221</go:stationLongitude>
      <go:stationElevation>469</go:stationElevation>
      <wmdscl:siteInformation>Gelände der Gaswerke / Stadtwerke am südöstlichen Ortsrand.</wmdscl:siteInformation>
    </wmdscl:eventInfo>
    <wmdscl:eventInfo>
      <gocl:modDTFrom>1977-10-01T00:00:00</gocl:modDTFrom>
      <gocl:modDTUntil>1994-07-31T00:00:00</gocl:modDTUntil>
      <go:stationLatitude>47.852398</go:stationLatitude>
      <go:stationLongitude>9.028174</go:stationLongitude>
      <go:stationElevation>475</go:stationElevation>
      <wmdscl:siteInformation>Tiefster Punkt eines breiten Tales, ca. 1.5 km östlich des Stadtkerns von Stockach. Im westlichen Teil des Freibades Osterholz.</wmdscl:siteInformation>
    </wmdscl:eventInfo>
    <wmdscl:eventInfo>
      <gocl:modDTFrom>2002-12-01T00:00:00</gocl:modDTFrom>
      <gocl:modDTUntil>...</gocl:modDTUntil>
      <go:stationLatitude>47.859069</go:stationLatitude>
      <go:stationLongitude>9.015198</go:stationLongitude>
      <go:stationElevation>532</go:stationElevation>
    </wmdscl:eventInfo>
  </wmdscl:event>
  <go:observation>
    <go:observationInfo>
      <wmdscl:observedVariable>
        <wmdscl:observedVariableInfo>etc.<gocl:instrument/>
          <wmdscl:dataProcessingAndReporting>
            <wmdscl:dataProcessingAndReportingInfo>
              <dwdcdc:mezaId>432300820110</dwdcdc:mezaId>
              <dwdcdc:mezaDescription>OBS_DEU_P1Y_T2M_X: Jahresmittel der Stationsmessungen des Tagesmaximums der Lufttemperatur in 2 m Höhe in °C</dwdcdc:mezaDescription>
              <gocl:modDTFrom>1978-01-01T00:00:00.000000</gocl:modDTFrom>
              <gocl:modDTUntil>1993-01-01T00:00:00.000000</gocl:modDTUntil>
              <wmdscl:processingMethod>Mittelwert</wmdscl:processingMethod>
              <wmdscl:aggregationPeriod>1 Jahr</wmdscl:aggregationPeriod>
              <wmdscl:referenceTime>undefined</wmdscl:referenceTime>
              <wmdscl:referenceDate>undefined</wmdscl:referenceDate>
            </wmdscl:dataProcessingAndReportingInfo>
            <wmdscl:dataProcessingAndReportingInfo>
              <dwdcdc:mezaId>432300583054</dwdcdc:mezaId>
              <dwdcdc:mezaDescription>OBS_DEU_P1Y_VP: Jahresmittel der Stationsmessungen des Dampfdrucks in hPa</dwdcdc:mezaDescription>
              <gocl:modDTFrom>1978-01-01T00:00:00.000000</gocl:modDTFrom>
              <gocl:modDTUntil>1993-01-01T00:00:00.000000</gocl:modDTUntil>
              <wmdscl:processingMethod>Mittelwert</wmdscl:processingMethod>
              <wmdscl:aggregationPeriod>1 Jahr</wmdscl:aggregationPeriod>
              <wmdscl:referenceTime>undefined</wmdscl:referenceTime>
              <wmdscl:referenceDate>undefined</wmdscl:referenceDate>
            </wmdscl:dataProcessingAndReportingInfo>
            <wmdscl:dataProcessingAndReportingInfo>
              <dwdcdc:mezaId>432300170702</dwdcdc:mezaId>
              <dwdcdc:mezaDescription>OBS_DEU_P1M_VP: Monatsmittel der Stationsmessungen des Dampfdrucks in hPa</dwdcdc:mezaDescription>
              <gocl:modDTFrom>1977-10-01T00:00:00.000000</gocl:modDTFrom>
              <gocl:modDTUntil>1994-07-01T00:00:00.000000</gocl:modDTUntil>
              <wmdscl:processingMethod>Mittelwert</wmdscl:processingMethod>
              <wmdscl:aggregationPeriod>1 Monat</wmdscl:aggregationPeriod>
              <wmdscl:referenceTime>undefined</wmdscl:referenceTime>
              <wmdscl:referenceDate>undefined</wmdscl:referenceDate>
            </wmdscl:dataProcessingAndReportingInfo>
            <wmdscl:dataProcessingAndReportingInfo>
              <dwdcdc:mezaId>432300526286</dwdcdc:mezaId>
              <dwdcdc:mezaDescription>OBS_DEU_P1Y_T5CM_N: Jahresmittel der Stationsmessungen des Tagesminimums der Lufttemperatur am Erdboden in 5 cm Höhe in °C</dwdcdc:mezaDescription>
              <gocl:modDTFrom>1978-01-01T00:00:00.000000</gocl:modDTFrom>
              <gocl:modDTUntil>1993-01-01T00:00:00.000000</gocl:modDTUntil>
              <wmdscl:processingMethod>Mittelwert</wmdscl:processingMethod>
              <wmdscl:aggregationPeriod>1 Jahr</wmdscl:aggregationPeriod>
              <wmdscl:referenceTime>undefined</wmdscl:referenceTime>
              <wmdscl:referenceDate>undefined</wmdscl:referenceDate>
            </wmdscl:dataProcessingAndReportingInfo>
            <wmdscl:dataProcessingAndReportingInfo>
              <dwdcdc:mezaId>432300659790</dwdcdc:mezaId>
              <dwdcdc:mezaDescription>OBS_DEU_P1D_T5CM_N: Tägliche Stationsmessungen des Minimums der Lufttemperatur am Erdboden in 5 cm Höhe in °C</dwdcdc:mezaDescription>
              <gocl:modDTFrom>1977-11-01T00:00:00.000000</gocl:modDTFrom>
              <gocl:modDTUntil>1993-12-31T00:00:00.000000</gocl:modDTUntil>
              <wmdscl:processingMethod>Minimum</wmdscl:processingMethod>
              <wmdscl:aggregationPeriod>1 Tag</wmdscl:aggregationPeriod>
              <wmdscl:referenceTime>undefined</wmdscl:referenceTime>
              <wmdscl:referenceDate>undefined</wmdscl:referenceDate>
            </wmdscl:dataProcessingAndReportingInfo>
            <wmdscl:dataProcessingAndReportingInfo>
              <dwdcdc:mezaId>432300072142</dwdcdc:mezaId>
              <dwdcdc:mezaDescription>OBS_DEU_PT1H_RR-F: Stündliche Stationsmessungen der Niederschlagsform (WR-Code)</dwdcdc:mezaDescription>
              <gocl:modDTFrom>2004-11-10T01:00:00.000000</gocl:modDTFrom>
              <gocl:modDTUntil>2012-01-10T02:00:00.000000</gocl:modDTUntil>
              <wmdscl:processingMethod>Instantan:Instantan oder Messwert für den das Zeitintervall nicht weiter aufgelöst werden kann</wmdscl:processingMethod>
              <wmdscl:aggregationPeriod>1 Stunde</wmdscl:aggregationPeriod>
              <wmdscl:referenceTime>undefined</wmdscl:referenceTime>
              <wmdscl:referenceDate>undefined</wmdscl:referenceDate>
            </wmdscl:dataProcessingAndReportingInfo>
            <wmdscl:dataProcessingAndReportingInfo>
              <dwdcdc:mezaId>432300639822</dwdcdc:mezaId>
              <dwdcdc:mezaDescription>OBS_DEU_P1M_N: Monatsmittel der Stationsmessungen des Bedeckungsgrades in Achtel</dwdcdc:mezaDescription>
              <gocl:modDTFrom>1977-10-01T00:00:00.000000</gocl:modDTFrom>
              <gocl:modDTUntil>1994-07-01T00:00:00.000000</gocl:modDTUntil>
              <wmdscl:processingMethod>Mittelwert</wmdscl:processingMethod>
              <wmdscl:aggregationPeriod>1 Monat</wmdscl:aggregationPeriod>
              <wmdscl:referenceTime>undefined</wmdscl:referenceTime>
              <wmdscl:referenceDate>undefined</wmdscl:referenceDate>
            </wmdscl:dataProcessingAndReportingInfo>
            <wmdscl:dataProcessingAndReportingInfo>
              <dwdcdc:mezaId>432300412750</dwdcdc:mezaId>
              <dwdcdc:mezaDescription>OBS_DEU_P1D_VP: Tägliche Stationsmessungen des mittleren Dampfdrucks in hPa</dwdcdc:mezaDescription>
              <gocl:modDTFrom>1977-10-01T00:00:00.000000</gocl:modDTFrom>
              <gocl:modDTUntil>1994-07-31T00:00:00.000000</gocl:modDTUntil>
              <wmdscl:processingMethod>Mittelwert</wmdscl:processingMethod>
              <wmdscl:aggregationPeriod>1 Tag</wmdscl:aggregationPeriod>
              <wmdscl:referenceTime>undefined</wmdscl:referenceTime>
              <wmdscl:referenceDate>undefined</wmdscl:referenceDate>
            </wmdscl:dataProcessingAndReportingInfo>
            <wmdscl:dataProcessingAndReportingInfo>
              <dwdcdc:mezaId>432300758350</dwdcdc:mezaId>
              <dwdcdc:mezaDescription>OBS_DEU_P1M_SH-N: Monatssumme der Stationsmessungen der Neuschneehöhe in cm</dwdcdc:mezaDescription>
              <gocl:modDTFrom>1977-10-01T00:00:00.000000</gocl:modDTFrom>
              <gocl:modDTUntil>2022-03-01T00:00:00.000000</gocl:modDTUntil>
              <wmdscl:processingMethod>Summe</wmdscl:processingMethod>
              <wmdscl:aggregationPeriod>1 Monat</wmdscl:aggregationPeriod>
              <wmdscl:referenceTime>undefined</wmdscl:referenceTime>
              <wmdscl:referenceDate>undefined</wmdscl:referenceDate>
            </wmdscl:dataProcessingAndReportingInfo>
            <wmdscl:dataProcessingAndReportingInfo>
              <dwdcdc:mezaId>432300242446</dwdcdc:mezaId>
              <dwdcdc:mezaDescription>OBS_DEU_PT1H_RR-I: Stündliche Stationsmessungen des Indikators ob Niederschlag gefallen</dwdcdc:mezaDescription>
              <gocl:modDTFrom>2004-11-10T00:00:00.000000</gocl:modDTFrom>
              <gocl:modDTUntil>2022-04-10T07:00:00.000000</gocl:modDTUntil>
              <wmdscl:processingMethod>Instantan:Instantan oder Messwert für den das Zeitintervall nicht weiter aufgelöst werden kann</wmdscl:processingMethod>
              <wmdscl:aggregationPeriod>1 Stunde</wmdscl:aggregationPeriod>
              <wmdscl:referenceTime>undefined</wmdscl:referenceTime>
              <wmdscl:referenceDate>undefined</wmdscl:referenceDate>
            </wmdscl:dataProcessingAndReportingInfo>
            <wmdscl:dataProcessingAndReportingInfo>
              <dwdcdc:mezaId>2532461327</dwdcdc:mezaId>
              <dwdcdc:mezaDescription>OBS_DEU_P1D_SH-N: Tägliche Stationsmessungen der Tagessumme der Neuschneehöhe in cm</dwdcdc:mezaDescription>
              <gocl:modDTFrom>1977-10-01T07:00:00.000000</gocl:modDTFrom>
              <gocl:modDTUntil>2022-04-09T06:00:00.000000</gocl:modDTUntil>
              <wmdscl:processingMethod>Summe</wmdscl:processingMethod>
              <wmdscl:aggregationPeriod>24 Stunden</wmdscl:aggregationPeriod>
              <wmdscl:referenceTime>undefined</wmdscl:referenceTime>
              <wmdscl:referenceDate>undefined</wmdscl:referenceDate>
            </wmdscl:dataProcessingAndReportingInfo>
            <wmdscl:dataProcessingAndReportingInfo>
              <dwdcdc:mezaId>432300644814</dwdcdc:mezaId>
              <dwdcdc:mezaDescription>OBS_DEU_P1Y_T2M_N: Jahresmittel der Stationsmessungen des Tagesminimums der Lufttemperatur in 2 m Höhe in °C</dwdcdc:mezaDescription>
              <gocl:modDTFrom>1978-01-01T00:00:00.000000</gocl:modDTFrom>
              <gocl:modDTUntil>1993-01-01T00:00:00.000000</gocl:modDTUntil>
              <wmdscl:processingMethod>Mittelwert</wmdscl:processingMethod>
              <wmdscl:aggregationPeriod>1 Jahr</wmdscl:aggregationPeriod>
              <wmdscl:referenceTime>undefined</wmdscl:referenceTime>
              <wmdscl:referenceDate>undefined</wmdscl:referenceDate>
            </wmdscl:dataProcessingAndReportingInfo>
            <wmdscl:dataProcessingAndReportingInfo>
              <dwdcdc:mezaId>432300866894</dwdcdc:mezaId>
              <dwdcdc:mezaDescription>OBS_DEU_P1M_T2M_N: Monatsmittel der Stationsmessungen des Tagesminimums der Lufttemperatur in 2 m Höhe in °C</dwdcdc:mezaDescription>
              <gocl:modDTFrom>1977-10-01T00:00:00.000000</gocl:modDTFrom>
              <gocl:modDTUntil>1994-07-01T00:00:00.000000</gocl:modDTUntil>
              <wmdscl:processingMethod>Mittelwert</wmdscl:processingMethod>
              <wmdscl:aggregationPeriod>1 Monat</wmdscl:aggregationPeriod>
              <wmdscl:referenceTime>undefined</wmdscl:referenceTime>
              <wmdscl:referenceDate>undefined</wmdscl:referenceDate>
            </wmdscl:dataProcessingAndReportingInfo>
            <wmdscl:dataProcessingAndReportingInfo>
              <dwdcdc:mezaId>432300321038</dwdcdc:mezaId>
              <dwdcdc:mezaDescription>MO_NSHK_MN004: Monatssumme der Stationsmessungen der Neuschneehöhe in cm</dwdcdc:mezaDescription>
              <gocl:modDTFrom>1977-10-01T00:00:00.000000</gocl:modDTFrom>
              <gocl:modDTUntil>1994-07-01T00:00:00.000000</gocl:modDTUntil>
              <wmdscl:processingMethod>Summe</wmdscl:processingMethod>
              <wmdscl:aggregationPeriod>1 Monat</wmdscl:aggregationPeriod>
              <wmdscl:referenceTime>undefined</wmdscl:referenceTime>
              <wmdscl:referenceDate>undefined</wmdscl:referenceDate>
            </wmdscl:dataProcessingAndReportingInfo>
            <wmdscl:dataProcessingAndReportingInfo>
              <dwdcdc:mezaId>432300763342</dwdcdc:mezaId>
              <dwdcdc:mezaDescription>OBS_DEU_P1Y_SH-N: Jahressumme der Stationsmessungen der Neuschneehöhe in cm</dwdcdc:mezaDescription>
              <gocl:modDTFrom>1978-01-01T00:00:00.000000</gocl:modDTFrom>
              <gocl:modDTUntil>2011-01-01T00:00:00.000000</gocl:modDTUntil>
              <wmdscl:processingMethod>Summe</wmdscl:processingMethod>
              <wmdscl:aggregationPeriod>1 Jahr</wmdscl:aggregationPeriod>
              <wmdscl:referenceTime>undefined</wmdscl:referenceTime>
              <wmdscl:referenceDate>undefined</wmdscl:referenceDate>
            </wmdscl:dataProcessingAndReportingInfo>
            <wmdscl:dataProcessingAndReportingInfo>
              <dwdcdc:mezaId>432300531278</dwdcdc:mezaId>
              <dwdcdc:mezaDescription>OBS_DEU_P1D_N: Tägliche Stationsmessungen des mittleren Bedeckungsgrades in Achtel</dwdcdc:mezaDescription>
              <gocl:modDTFrom>1977-10-01T00:00:00.000000</gocl:modDTFrom>
              <gocl:modDTUntil>1994-07-31T00:00:00.000000</gocl:modDTUntil>
              <wmdscl:processingMethod>Mittelwert</wmdscl:processingMethod>
              <wmdscl:aggregationPeriod>1 Tag</wmdscl:aggregationPeriod>
              <wmdscl:referenceTime>undefined</wmdscl:referenceTime>
              <wmdscl:referenceDate>undefined</wmdscl:referenceDate>
            </wmdscl:dataProcessingAndReportingInfo>
            <wmdscl:dataProcessingAndReportingInfo>
              <dwdcdc:mezaId>432300913678</dwdcdc:mezaId>
              <dwdcdc:mezaDescription>OBS_DEU_P1D_RR-F: Tägliche Stationsbeobachtungen der Niederschlagsform</dwdcdc:mezaDescription>
              <gocl:modDTFrom>1977-10-01T00:00:00.000000</gocl:modDTFrom>
              <gocl:modDTUntil>2022-04-09T00:00:00.000000</gocl:modDTUntil>
              <wmdscl:processingMethod>Summe</wmdscl:processingMethod>
              <wmdscl:aggregationPeriod>24 Stunden</wmdscl:aggregationPeriod>
              <wmdscl:referenceTime>undefined</wmdscl:referenceTime>
              <wmdscl:referenceDate>undefined</wmdscl:referenceDate>
            </wmdscl:dataProcessingAndReportingInfo>
            <wmdscl:dataProcessingAndReportingInfo>
              <dwdcdc:mezaId>327800546667</dwdcdc:mezaId>
              <dwdcdc:mezaDescription>OBS_DEU_P1Y_N: Jahresmittel der Stationsmessungen des Bedeckungsgrades in Achtel</dwdcdc:mezaDescription>
              <gocl:modDTFrom>1978-01-01T00:00:00.000000</gocl:modDTFrom>
              <gocl:modDTUntil>1993-01-01T00:00:00.000000</gocl:modDTUntil>
              <wmdscl:processingMethod>Mittelwert</wmdscl:processingMethod>
              <wmdscl:aggregationPeriod>1 Jahr</wmdscl:aggregationPeriod>
              <wmdscl:referenceTime>undefined</wmdscl:referenceTime>
              <wmdscl:referenceDate>undefined</wmdscl:referenceDate>
            </wmdscl:dataProcessingAndReportingInfo>
            <wmdscl:dataProcessingAndReportingInfo>
              <dwdcdc:mezaId>432300960462</dwdcdc:mezaId>
              <dwdcdc:mezaDescription>OBS_DEU_P1M_T2M_X: Monatsmittel der Stationsmessungen des Tagesmaximums der Lufttemperatur in 2 m Höhe in °C</dwdcdc:mezaDescription>
              <gocl:modDTFrom>1977-10-01T00:00:00.000000</gocl:modDTFrom>
              <gocl:modDTUntil>1994-07-01T00:00:00.000000</gocl:modDTUntil>
              <wmdscl:processingMethod>Mittelwert</wmdscl:processingMethod>
              <wmdscl:aggregationPeriod>1 Monat</wmdscl:aggregationPeriod>
              <wmdscl:referenceTime>undefined</wmdscl:referenceTime>
              <wmdscl:referenceDate>undefined</wmdscl:referenceDate>
            </wmdscl:dataProcessingAndReportingInfo>
            <wmdscl:dataProcessingAndReportingInfo>
              <dwdcdc:mezaId>432300896846</dwdcdc:mezaId>
              <dwdcdc:mezaDescription>RSKF_MN004: Tägliche Stationsmessungen der Form des Niederschlags</dwdcdc:mezaDescription>
              <gocl:modDTFrom>1977-10-01T00:00:00.000000</gocl:modDTFrom>
              <gocl:modDTUntil>1994-07-31T00:00:00.000000</gocl:modDTUntil>
              <wmdscl:processingMethod>Summe</wmdscl:processingMethod>
              <wmdscl:aggregationPeriod>24 Stunden</wmdscl:aggregationPeriod>
              <wmdscl:referenceTime>undefined</wmdscl:referenceTime>
              <wmdscl:referenceDate>undefined</wmdscl:referenceDate>
            </wmdscl:dataProcessingAndReportingInfo>
            <wmdscl:dataProcessingAndReportingInfo>
              <dwdcdc:mezaId>432300304206</dwdcdc:mezaId>
              <dwdcdc:mezaDescription>OBS_DEU_P1M_T5CM_N: Monatsmittel der Stationsmessungen des Tagesminimums der Lufttemperatur am Erdboden in 5 cm  Höhe in °C</dwdcdc:mezaDescription>
              <gocl:modDTFrom>1977-11-01T00:00:00.000000</gocl:modDTFrom>
              <gocl:modDTUntil>1993-12-01T00:00:00.000000</gocl:modDTUntil>
              <wmdscl:processingMethod>Mittelwert</wmdscl:processingMethod>
              <wmdscl:aggregationPeriod>1 Monat</wmdscl:aggregationPeriod>
              <wmdscl:referenceTime>undefined</wmdscl:referenceTime>
              <wmdscl:referenceDate>undefined</wmdscl:referenceDate>
            </wmdscl:dataProcessingAndReportingInfo>
          </wmdscl:dataProcessingAndReporting>
        </wmdscl:observedVariableInfo>
        <wmdscl:observedVariableInfo>Feuchte<gocl:instrument/>
          <wmdscl:dataProcessingAndReporting>
            <wmdscl:dataProcessingAndReportingInfo>
              <dwdcdc:mezaId>432300933646</dwdcdc:mezaId>
              <dwdcdc:mezaDescription>OBS_DEU_P1M_RF: Monatsmittel der Stationsmessungen der relativen Feuchte in 2 m Höhe in %</dwdcdc:mezaDescription>
              <gocl:modDTFrom>1977-10-01T00:00:00.000000</gocl:modDTFrom>
              <gocl:modDTUntil>1994-07-01T00:00:00.000000</gocl:modDTUntil>
              <wmdscl:processingMethod>Mittelwert</wmdscl:processingMethod>
              <wmdscl:aggregationPeriod>1 Monat</wmdscl:aggregationPeriod>
              <wmdscl:referenceTime>undefined</wmdscl:referenceTime>
              <wmdscl:referenceDate>undefined</wmdscl:referenceDate>
            </wmdscl:dataProcessingAndReportingInfo>
            <wmdscl:dataProcessingAndReportingInfo>
              <dwdcdc:mezaId>432300118926</dwdcdc:mezaId>
              <dwdcdc:mezaDescription>OBS_DEU_P1D_RF: Tagesmittel der relativen Feuchte in 2 m Höhe in %</dwdcdc:mezaDescription>
              <gocl:modDTFrom>1977-10-01T00:00:00.000000</gocl:modDTFrom>
              <gocl:modDTUntil>1994-07-31T00:00:00.000000</gocl:modDTUntil>
              <wmdscl:processingMethod>Mittelwert</wmdscl:processingMethod>
              <wmdscl:aggregationPeriod>1 Tag</wmdscl:aggregationPeriod>
              <wmdscl:referenceTime>undefined</wmdscl:referenceTime>
              <wmdscl:referenceDate>undefined</wmdscl:referenceDate>
            </wmdscl:dataProcessingAndReportingInfo>
            <wmdscl:dataProcessingAndReportingInfo>
              <dwdcdc:mezaId>432300701582</dwdcdc:mezaId>
              <dwdcdc:mezaDescription>OBS_DEU_P1Y_RF: Jahresmittel der Stationsmessungen der relativen Feuchte in 2 m Höhe in %</dwdcdc:mezaDescription>
              <gocl:modDTFrom>1978-01-01T00:00:00.000000</gocl:modDTFrom>
              <gocl:modDTUntil>1993-01-01T00:00:00.000000</gocl:modDTUntil>
              <wmdscl:processingMethod>Mittelwert</wmdscl:processingMethod>
              <wmdscl:aggregationPeriod>1 Jahr</wmdscl:aggregationPeriod>
              <wmdscl:referenceTime>undefined</wmdscl:referenceTime>
              <wmdscl:referenceDate>undefined</wmdscl:referenceDate>
            </wmdscl:dataProcessingAndReportingInfo>
          </wmdscl:dataProcessingAndReporting>
        </wmdscl:observedVariableInfo>
        <wmdscl:observedVariableInfo>Niederschlag<gocl:instrument>
            <gocl:instrumentInfo>
              <gocl:instrumentModel>rain[e]H3</gocl:instrumentModel>
              <gocl:observingMethod>Niederschlagsmenge, elektr.</gocl:observingMethod>
              <gocl:distanceFromReferenceSurface>1.5</gocl:distanceFromReferenceSurface>
              <gocl:modDTFrom>2021-09-30T00:00:00</gocl:modDTFrom>
              <gocl:modDTUntil>...</gocl:modDTUntil>
            </gocl:instrumentInfo>
            <gocl:instrumentInfo>
              <gocl:instrumentModel>rain[e]H3</gocl:instrumentModel>
              <gocl:observingMethod>Niederschlagsmenge, elektr.</gocl:observingMethod>
              <gocl:distanceFromReferenceSurface>1.5</gocl:distanceFromReferenceSurface>
              <gocl:modDTFrom>2020-05-19T00:00:00</gocl:modDTFrom>
              <gocl:modDTUntil>2021-09-29T00:00:00</gocl:modDTUntil>
            </gocl:instrumentInfo>
            <gocl:instrumentInfo>
              <gocl:instrumentModel>PLUVIO</gocl:instrumentModel>
              <gocl:observingMethod>Niederschlagsmenge, elektr.</gocl:observingMethod>
              <gocl:distanceFromReferenceSurface>1.5</gocl:distanceFromReferenceSurface>
              <gocl:modDTFrom>2014-04-23T00:00:00</gocl:modDTFrom>
              <gocl:modDTUntil>2020-05-18T00:00:00</gocl:modDTUntil>
            </gocl:instrumentInfo>
            <gocl:instrumentInfo>
              <gocl:instrumentModel>PLUVIO</gocl:instrumentModel>
              <gocl:observingMethod>Niederschlagsmenge, elektr.</gocl:observingMethod>
              <gocl:distanceFromReferenceSurface>1.5</gocl:distanceFromReferenceSurface>
              <gocl:modDTFrom>2010-08-26T00:00:00</gocl:modDTFrom>
              <gocl:modDTUntil>2014-04-22T00:00:00</gocl:modDTUntil>
            </gocl:instrumentInfo>
            <gocl:instrumentInfo>
              <gocl:instrumentModel>PLUVIO</gocl:instrumentModel>
              <gocl:observingMethod>Niederschlagsmenge, elektr.</gocl:observingMethod>
              <gocl:distanceFromReferenceSurface>1.5</gocl:distanceFromReferenceSurface>
              <gocl:modDTFrom>2004-11-10T00:00:00</gocl:modDTFrom>
              <gocl:modDTUntil>2010-08-25T00:00:00</gocl:modDTUntil>
            </gocl:instrumentInfo>
            <gocl:instrumentInfo>
              <gocl:instrumentModel>Hellmann</gocl:instrumentModel>
              <gocl:observingMethod>Niederschlagsmenge, konv.</gocl:observingMethod>
              <gocl:distanceFromReferenceSurface>1</gocl:distanceFromReferenceSurface>
              <gocl:modDTFrom>2003-07-24T00:00:00</gocl:modDTFrom>
              <gocl:modDTUntil>2004-10-31T00:00:00</gocl:modDTUntil>
            </gocl:instrumentInfo>
            <gocl:instrumentInfo>
              <gocl:instrumentModel>Hellmann</gocl:instrumentModel>
              <gocl:observingMethod>Niederschlagsmenge, konv.</gocl:observingMethod>
              <gocl:distanceFromReferenceSurface>1.5</gocl:distanceFromReferenceSurface>
              <gocl:modDTFrom>2002-12-01T00:00:00</gocl:modDTFrom>
              <gocl:modDTUntil>2003-07-23T00:00:00</gocl:modDTUntil>
            </gocl:instrumentInfo>
            <gocl:instrumentInfo>
              <gocl:instrumentModel>Hellmann</gocl:instrumentModel>
              <gocl:observingMethod>Niederschlagsmenge, konv.</gocl:observingMethod>
              <gocl:distanceFromReferenceSurface>1</gocl:distanceFromReferenceSurface>
              <gocl:modDTFrom>1977-10-01T00:00:00</gocl:modDTFrom>
              <gocl:modDTUntil>1994-07-31T00:00:00</gocl:modDTUntil>
            </gocl:instrumentInfo>
            <gocl:instrumentInfo>
              <gocl:instrumentModel>Hellmann</gocl:instrumentModel>
              <gocl:observingMethod>Niederschlagsmenge, konv.</gocl:observingMethod>
              <gocl:distanceFromReferenceSurface>1</gocl:distanceFromReferenceSurface>
              <gocl:modDTFrom>1948-04-01T00:00:00</gocl:modDTFrom>
              <gocl:modDTUntil>1949-03-31T00:00:00</gocl:modDTUntil>
            </gocl:instrumentInfo>
            <gocl:instrumentInfo>
              <gocl:instrumentModel>Hellmann</gocl:instrumentModel>
              <gocl:observingMethod>Niederschlagsmenge, konv.</gocl:observingMethod>
              <gocl:distanceFromReferenceSurface>1</gocl:distanceFromReferenceSurface>
              <gocl:modDTFrom>1936-11-07T00:00:00</gocl:modDTFrom>
              <gocl:modDTUntil>1945-02-28T00:00:00</gocl:modDTUntil>
            </gocl:instrumentInfo>
            <gocl:instrumentInfo>
              <gocl:instrumentModel>Schneepegel</gocl:instrumentModel>
              <gocl:observingMethod>Schneehöhenmessung, manuell</gocl:observingMethod>
              <gocl:modDTFrom>2002-12-01T00:00:00</gocl:modDTFrom>
              <gocl:modDTUntil>...</gocl:modDTUntil>
            </gocl:instrumentInfo>
            <gocl:instrumentInfo>
              <gocl:instrumentModel>Schneepegel</gocl:instrumentModel>
              <gocl:observingMethod>Schneehöhenmessung, manuell</gocl:observingMethod>
              <gocl:modDTFrom>1977-10-01T00:00:00</gocl:modDTFrom>
              <gocl:modDTUntil>1994-07-31T00:00:00</gocl:modDTUntil>
            </gocl:instrumentInfo>
            <gocl:instrumentInfo>
              <gocl:instrumentModel>Schneepegel</gocl:instrumentModel>
              <gocl:observingMethod>Schneehöhenmessung, manuell</gocl:observingMethod>
              <gocl:modDTFrom>1948-04-01T00:00:00</gocl:modDTFrom>
              <gocl:modDTUntil>1949-03-31T00:00:00</gocl:modDTUntil>
            </gocl:instrumentInfo>
            <gocl:instrumentInfo>
              <gocl:instrumentModel>Schneepegel</gocl:instrumentModel>
              <gocl:observingMethod>Schneehöhenmessung, manuell</gocl:observingMethod>
              <gocl:modDTFrom>1936-11-07T00:00:00</gocl:modDTFrom>
              <gocl:modDTUntil>1945-02-28T00:00:00</gocl:modDTUntil>
            </gocl:instrumentInfo>
          </gocl:instrument>
          <wmdscl:dataProcessingAndReporting>
            <wmdscl:dataProcessingAndReportingInfo>
              <dwdcdc:mezaId>432300666638</dwdcdc:mezaId>
              <dwdcdc:mezaDescription>OBS_DEU_P1Y_RR: Jahressumme der Stationsmessungen der Niederschlagshöhe in mm</dwdcdc:mezaDescription>
              <gocl:modDTFrom>1937-01-01T00:00:00.000000</gocl:modDTFrom>
              <gocl:modDTUntil>2021-01-01T00:00:00.000000</gocl:modDTUntil>
              <wmdscl:processingMethod>Summe</wmdscl:processingMethod>
              <wmdscl:aggregationPeriod>1 Jahr</wmdscl:aggregationPeriod>
              <wmdscl:referenceTime>undefined</wmdscl:referenceTime>
              <wmdscl:referenceDate>undefined</wmdscl:referenceDate>
            </wmdscl:dataProcessingAndReportingInfo>
            <wmdscl:dataProcessingAndReportingInfo>
              <dwdcdc:mezaId>432300365966</dwdcdc:mezaId>
              <dwdcdc:mezaDescription>OBS_DEU_PT1H_RR: Stündliche Stationsmessungen der Niederschlagshöhe in mm</dwdcdc:mezaDescription>
              <gocl:modDTFrom>2004-11-10T00:00:00.000000</gocl:modDTFrom>
              <gocl:modDTUntil>2022-04-10T07:00:00.000000</gocl:modDTUntil>
              <wmdscl:processingMethod>Summe</wmdscl:processingMethod>
              <wmdscl:aggregationPeriod>1 Stunde</wmdscl:aggregationPeriod>
              <wmdscl:referenceTime>undefined</wmdscl:referenceTime>
              <wmdscl:referenceDate>undefined</wmdscl:referenceDate>
            </wmdscl:dataProcessingAndReportingInfo>
            <wmdscl:dataProcessingAndReportingInfo>
              <dwdcdc:mezaId>432300995406</dwdcdc:mezaId>
              <dwdcdc:mezaDescription>JA_SH_MN004: Jahresmittel der Stationsmessungen der Schneehöhe in cm</dwdcdc:mezaDescription>
              <gocl:modDTFrom>1978-01-01T00:00:00.000000</gocl:modDTFrom>
              <gocl:modDTUntil>1993-01-01T00:00:00.000000</gocl:modDTUntil>
              <wmdscl:processingMethod>Mittelwert</wmdscl:processingMethod>
              <wmdscl:aggregationPeriod>1 Jahr</wmdscl:aggregationPeriod>
              <wmdscl:referenceTime>undefined</wmdscl:referenceTime>
              <wmdscl:referenceDate>undefined</wmdscl:referenceDate>
            </wmdscl:dataProcessingAndReportingInfo>
            <wmdscl:dataProcessingAndReportingInfo>
              <dwdcdc:mezaId>96783087091</dwdcdc:mezaId>
              <dwdcdc:mezaDescription>OBS_DEU_PT10M_RR: 10-minütige Stationsmessungen der Niederschlagshöhe in mm</dwdcdc:mezaDescription>
              <gocl:modDTFrom>2020-01-01T00:00:00.000000</gocl:modDTFrom>
              <gocl:modDTUntil>2022-04-10T02:20:00.000000</gocl:modDTUntil>
              <wmdscl:processingMethod>Summe</wmdscl:processingMethod>
              <wmdscl:aggregationPeriod>10 Minuten</wmdscl:aggregationPeriod>
              <wmdscl:referenceTime>undefined</wmdscl:referenceTime>
              <wmdscl:referenceDate>undefined</wmdscl:referenceDate>
            </wmdscl:dataProcessingAndReportingInfo>
            <wmdscl:dataProcessingAndReportingInfo>
              <dwdcdc:mezaId>432300603022</dwdcdc:mezaId>
              <dwdcdc:mezaDescription>SHK_TAG_MN004: Tägliche Stationsmessungen der Schneehöhe in cm</dwdcdc:mezaDescription>
              <gocl:modDTFrom>1977-10-01T07:00:00.000000</gocl:modDTFrom>
              <gocl:modDTUntil>1994-07-30T07:00:00.000000</gocl:modDTUntil>
              <wmdscl:processingMethod>Instantan:Instantan oder Messwert für den das Zeitintervall nicht weiter aufgelöst werden kann</wmdscl:processingMethod>
              <wmdscl:aggregationPeriod>1 Tag</wmdscl:aggregationPeriod>
              <wmdscl:referenceTime>undefined</wmdscl:referenceTime>
              <wmdscl:referenceDate>undefined</wmdscl:referenceDate>
            </wmdscl:dataProcessingAndReportingInfo>
            <wmdscl:dataProcessingAndReportingInfo>
              <dwdcdc:mezaId>432300372814</dwdcdc:mezaId>
              <dwdcdc:mezaDescription>OBS_DEU_P1Y_SH_S: Jahressumme der Stationsmessungen der Schneehöhe in cm</dwdcdc:mezaDescription>
              <gocl:modDTFrom>1978-01-01T00:00:00.000000</gocl:modDTFrom>
              <gocl:modDTUntil>2011-01-01T00:00:00.000000</gocl:modDTUntil>
              <wmdscl:processingMethod>Summe</wmdscl:processingMethod>
              <wmdscl:aggregationPeriod>1 Jahr</wmdscl:aggregationPeriod>
              <wmdscl:referenceTime>undefined</wmdscl:referenceTime>
              <wmdscl:referenceDate>undefined</wmdscl:referenceDate>
            </wmdscl:dataProcessingAndReportingInfo>
            <wmdscl:dataProcessingAndReportingInfo>
              <dwdcdc:mezaId>432300207502</dwdcdc:mezaId>
              <dwdcdc:mezaDescription>OBS_DEU_P1D_RR: Tägliche Stationsmessungen Niederschlagshöhe in mm</dwdcdc:mezaDescription>
              <gocl:modDTFrom>1977-10-01T00:00:00.000000</gocl:modDTFrom>
              <gocl:modDTUntil>2022-04-09T00:00:00.000000</gocl:modDTUntil>
              <wmdscl:processingMethod>Summe</wmdscl:processingMethod>
              <wmdscl:aggregationPeriod>1 Tag</wmdscl:aggregationPeriod>
              <wmdscl:referenceTime>undefined</wmdscl:referenceTime>
              <wmdscl:referenceDate>undefined</wmdscl:referenceDate>
            </wmdscl:dataProcessingAndReportingInfo>
            <wmdscl:dataProcessingAndReportingInfo>
              <dwdcdc:mezaId>432300345998</dwdcdc:mezaId>
              <dwdcdc:mezaDescription>OBS_DEU_P1M_RR: Monatssumme der Stationsmessungen der Niederschlagshöhe in mm</dwdcdc:mezaDescription>
              <gocl:modDTFrom>1937-01-01T00:00:00.000000</gocl:modDTFrom>
              <gocl:modDTUntil>2022-03-01T00:00:00.000000</gocl:modDTUntil>
              <wmdscl:processingMethod>Summe</wmdscl:processingMethod>
              <wmdscl:aggregationPeriod>1 Monat</wmdscl:aggregationPeriod>
              <wmdscl:referenceTime>undefined</wmdscl:referenceTime>
              <wmdscl:referenceDate>undefined</wmdscl:referenceDate>
            </wmdscl:dataProcessingAndReportingInfo>
            <wmdscl:dataProcessingAndReportingInfo>
              <dwdcdc:mezaId>432300876878</dwdcdc:mezaId>
              <dwdcdc:mezaDescription>OBS_DEU_P1M_SH_S: Monatssumme der Stationsmessungen der Schneehöhe in cm</dwdcdc:mezaDescription>
              <gocl:modDTFrom>1977-10-01T00:00:00.000000</gocl:modDTFrom>
              <gocl:modDTUntil>2022-03-01T00:00:00.000000</gocl:modDTUntil>
              <wmdscl:processingMethod>Summe</wmdscl:processingMethod>
              <wmdscl:aggregationPeriod>1 Monat</wmdscl:aggregationPeriod>
              <wmdscl:referenceTime>undefined</wmdscl:referenceTime>
              <wmdscl:referenceDate>undefined</wmdscl:referenceDate>
            </wmdscl:dataProcessingAndReportingInfo>
            <wmdscl:dataProcessingAndReportingInfo>
              <dwdcdc:mezaId>432300614862</dwdcdc:mezaId>
              <dwdcdc:mezaDescription>MO_SHK_MN004: Monatssumme der Stationsmessungen der Schneehöhe in cm</dwdcdc:mezaDescription>
              <gocl:modDTFrom>1977-10-01T00:00:00.000000</gocl:modDTFrom>
              <gocl:modDTUntil>1994-07-01T00:00:00.000000</gocl:modDTUntil>
              <wmdscl:processingMethod>Summe</wmdscl:processingMethod>
              <wmdscl:aggregationPeriod>1 Monat</wmdscl:aggregationPeriod>
              <wmdscl:referenceTime>undefined</wmdscl:referenceTime>
              <wmdscl:referenceDate>undefined</wmdscl:referenceDate>
            </wmdscl:dataProcessingAndReportingInfo>
            <wmdscl:dataProcessingAndReportingInfo>
              <dwdcdc:mezaId>432300309198</dwdcdc:mezaId>
              <dwdcdc:mezaDescription>OBS_DEU_P1D_SH: Tägliche Stationsmessungen der Schneehöhe in cm</dwdcdc:mezaDescription>
              <gocl:modDTFrom>1977-10-01T07:00:00.000000</gocl:modDTFrom>
              <gocl:modDTUntil>2022-04-09T06:00:00.000000</gocl:modDTUntil>
              <wmdscl:processingMethod>Mittelwert</wmdscl:processingMethod>
              <wmdscl:aggregationPeriod>1 Tag</wmdscl:aggregationPeriod>
              <wmdscl:referenceTime>undefined</wmdscl:referenceTime>
              <wmdscl:referenceDate>undefined</wmdscl:referenceDate>
            </wmdscl:dataProcessingAndReportingInfo>
            <wmdscl:dataProcessingAndReportingInfo>
              <dwdcdc:mezaId>432300190670</dwdcdc:mezaId>
              <dwdcdc:mezaDescription>RSK_MN004: Tägliche Stationsmessungen der Niederschlagshöhe in mm</dwdcdc:mezaDescription>
              <gocl:modDTFrom>1977-10-01T00:00:00.000000</gocl:modDTFrom>
              <gocl:modDTUntil>1994-07-31T00:00:00.000000</gocl:modDTUntil>
              <wmdscl:processingMethod>Summe</wmdscl:processingMethod>
              <wmdscl:aggregationPeriod>1 Tag</wmdscl:aggregationPeriod>
              <wmdscl:referenceTime>undefined</wmdscl:referenceTime>
              <wmdscl:referenceDate>undefined</wmdscl:referenceDate>
            </wmdscl:dataProcessingAndReportingInfo>
            <wmdscl:dataProcessingAndReportingInfo>
              <dwdcdc:mezaId>432300284238</dwdcdc:mezaId>
              <dwdcdc:mezaDescription>SH_MN008: Terminwerte der Stationsmessungen der Schneehöhe in cm</dwdcdc:mezaDescription>
              <gocl:modDTFrom>2004-11-13T06:00:00.000000</gocl:modDTFrom>
              <gocl:modDTUntil>2022-04-09T06:00:00.000000</gocl:modDTUntil>
              <wmdscl:processingMethod>Instantan:Instantan oder Messwert für den das Zeitintervall nicht weiter aufgelöst werden kann</wmdscl:processingMethod>
              <wmdscl:aggregationPeriod>1 Stunde</wmdscl:aggregationPeriod>
              <wmdscl:referenceTime>undefined</wmdscl:referenceTime>
              <wmdscl:referenceDate>undefined</wmdscl:referenceDate>
            </wmdscl:dataProcessingAndReportingInfo>
            <wmdscl:dataProcessingAndReportingInfo>
              <dwdcdc:mezaId>432300052174</dwdcdc:mezaId>
              <dwdcdc:mezaDescription>MO_SH_MN004: Monatsmittel der Stationsmessungen der Schneehöhe in cm</dwdcdc:mezaDescription>
              <gocl:modDTFrom>1977-10-01T00:00:00.000000</gocl:modDTFrom>
              <gocl:modDTUntil>1994-07-01T00:00:00.000000</gocl:modDTUntil>
              <wmdscl:processingMethod>Mittelwert</wmdscl:processingMethod>
              <wmdscl:aggregationPeriod>1 Monat</wmdscl:aggregationPeriod>
              <wmdscl:referenceTime>undefined</wmdscl:referenceTime>
              <wmdscl:referenceDate>undefined</wmdscl:referenceDate>
            </wmdscl:dataProcessingAndReportingInfo>
          </wmdscl:dataProcessingAndReporting>
        </wmdscl:observedVariableInfo>
        <wmdscl:observedVariableInfo>Temperatur (Luft)<gocl:instrument>
            <gocl:instrumentInfo>
              <gocl:instrumentModel>Minimumthermometer</gocl:instrumentModel>
              <gocl:observingMethod>Temperaturmessung, konv.</gocl:observingMethod>
              <gocl:distanceFromReferenceSurface>2.2</gocl:distanceFromReferenceSurface>
              <gocl:modDTFrom>1993-01-01T00:00:00</gocl:modDTFrom>
              <gocl:modDTUntil>1994-07-31T00:00:00</gocl:modDTUntil>
            </gocl:instrumentInfo>
            <gocl:instrumentInfo>
              <gocl:instrumentModel>Maximumthermometer</gocl:instrumentModel>
              <gocl:observingMethod>Temperaturmessung, konv.</gocl:observingMethod>
              <gocl:distanceFromReferenceSurface>2.2</gocl:distanceFromReferenceSurface>
              <gocl:modDTFrom>1993-01-01T00:00:00</gocl:modDTFrom>
              <gocl:modDTUntil>1994-07-31T00:00:00</gocl:modDTUntil>
            </gocl:instrumentInfo>
            <gocl:instrumentInfo>
              <gocl:instrumentModel>Minimumthermometer</gocl:instrumentModel>
              <gocl:observingMethod>Temperaturmessung, konv.</gocl:observingMethod>
              <gocl:distanceFromReferenceSurface>.05</gocl:distanceFromReferenceSurface>
              <gocl:modDTFrom>1993-01-01T00:00:00</gocl:modDTFrom>
              <gocl:modDTUntil>1993-12-31T00:00:00</gocl:modDTUntil>
            </gocl:instrumentInfo>
            <gocl:instrumentInfo>
              <gocl:instrumentModel>Minimumthermometer</gocl:instrumentModel>
              <gocl:observingMethod>Temperaturmessung, konv.</gocl:observingMethod>
              <gocl:distanceFromReferenceSurface>.05</gocl:distanceFromReferenceSurface>
              <gocl:modDTFrom>1989-11-01T00:00:00</gocl:modDTFrom>
              <gocl:modDTUntil>1992-11-30T00:00:00</gocl:modDTUntil>
            </gocl:instrumentInfo>
            <gocl:instrumentInfo>
              <gocl:instrumentModel>Minimumthermometer</gocl:instrumentModel>
              <gocl:observingMethod>Temperaturmessung, konv.</gocl:observingMethod>
              <gocl:distanceFromReferenceSurface>2.2</gocl:distanceFromReferenceSurface>
              <gocl:modDTFrom>1989-11-01T00:00:00</gocl:modDTFrom>
              <gocl:modDTUntil>1992-11-30T00:00:00</gocl:modDTUntil>
            </gocl:instrumentInfo>
            <gocl:instrumentInfo>
              <gocl:instrumentModel>Maximumthermometer</gocl:instrumentModel>
              <gocl:observingMethod>Temperaturmessung, konv.</gocl:observingMethod>
              <gocl:distanceFromReferenceSurface>2.2</gocl:distanceFromReferenceSurface>
              <gocl:modDTFrom>1989-11-01T00:00:00</gocl:modDTFrom>
              <gocl:modDTUntil>1992-11-30T00:00:00</gocl:modDTUntil>
            </gocl:instrumentInfo>
            <gocl:instrumentInfo>
              <gocl:instrumentModel>Minimumthermometer</gocl:instrumentModel>
              <gocl:observingMethod>Temperaturmessung, konv.</gocl:observingMethod>
              <gocl:distanceFromReferenceSurface>.05</gocl:distanceFromReferenceSurface>
              <gocl:modDTFrom>1977-11-01T00:00:00</gocl:modDTFrom>
              <gocl:modDTUntil>1989-08-31T00:00:00</gocl:modDTUntil>
            </gocl:instrumentInfo>
            <gocl:instrumentInfo>
              <gocl:instrumentModel>Minimumthermometer</gocl:instrumentModel>
              <gocl:observingMethod>Temperaturmessung, konv.</gocl:observingMethod>
              <gocl:distanceFromReferenceSurface>2.2</gocl:distanceFromReferenceSurface>
              <gocl:modDTFrom>1977-10-01T00:00:00</gocl:modDTFrom>
              <gocl:modDTUntil>1989-08-31T00:00:00</gocl:modDTUntil>
            </gocl:instrumentInfo>
            <gocl:instrumentInfo>
              <gocl:instrumentModel>Maximumthermometer</gocl:instrumentModel>
              <gocl:observingMethod>Temperaturmessung, konv.</gocl:observingMethod>
              <gocl:distanceFromReferenceSurface>2.2</gocl:distanceFromReferenceSurface>
              <gocl:modDTFrom>1977-10-01T00:00:00</gocl:modDTFrom>
              <gocl:modDTUntil>1989-08-31T00:00:00</gocl:modDTUntil>
            </gocl:instrumentInfo>
          </gocl:instrument>
          <wmdscl:dataProcessingAndReporting>
            <wmdscl:dataProcessingAndReportingInfo>
              <dwdcdc:mezaId>432300706574</dwdcdc:mezaId>
              <dwdcdc:mezaDescription>OBS_DEU_P1D_T2M: Tägliche Stationsmessungen der mittleren Lufttemperatur in 2 m Höhe in °C</dwdcdc:mezaDescription>
              <gocl:modDTFrom>1977-10-01T00:00:00.000000</gocl:modDTFrom>
              <gocl:modDTUntil>1994-07-31T00:00:00.000000</gocl:modDTUntil>
              <wmdscl:processingMethod>Mittelwert</wmdscl:processingMethod>
              <wmdscl:aggregationPeriod>1 Tag</wmdscl:aggregationPeriod>
              <wmdscl:referenceTime>undefined</wmdscl:referenceTime>
              <wmdscl:referenceDate>undefined</wmdscl:referenceDate>
            </wmdscl:dataProcessingAndReportingInfo>
            <wmdscl:dataProcessingAndReportingInfo>
              <dwdcdc:mezaId>432300237454</dwdcdc:mezaId>
              <dwdcdc:mezaDescription>OBS_DEU_P1D_T2M_X: Tägliche Stationsmessungen des Maximums der Lufttemperatur in 2 m Höhe in °C</dwdcdc:mezaDescription>
              <gocl:modDTFrom>1977-10-01T00:00:00.000000</gocl:modDTFrom>
              <gocl:modDTUntil>1994-07-31T00:00:00.000000</gocl:modDTUntil>
              <wmdscl:processingMethod>Maximum</wmdscl:processingMethod>
              <wmdscl:aggregationPeriod>1 Tag</wmdscl:aggregationPeriod>
              <wmdscl:referenceTime>undefined</wmdscl:referenceTime>
              <wmdscl:referenceDate>undefined</wmdscl:referenceDate>
            </wmdscl:dataProcessingAndReportingInfo>
            <wmdscl:dataProcessingAndReportingInfo>
              <dwdcdc:mezaId>432300350990</dwdcdc:mezaId>
              <dwdcdc:mezaDescription>OBS_DEU_P1Y_T2M: Jahresmittel der Stationsmessungen der Lufttemperatur in 2 m Höhe in °C</dwdcdc:mezaDescription>
              <gocl:modDTFrom>1978-01-01T00:00:00.000000</gocl:modDTFrom>
              <gocl:modDTUntil>1993-01-01T00:00:00.000000</gocl:modDTUntil>
              <wmdscl:processingMethod>Mittelwert</wmdscl:processingMethod>
              <wmdscl:aggregationPeriod>1 Jahr</wmdscl:aggregationPeriod>
              <wmdscl:referenceTime>undefined</wmdscl:referenceTime>
              <wmdscl:referenceDate>undefined</wmdscl:referenceDate>
            </wmdscl:dataProcessingAndReportingInfo>
            <wmdscl:dataProcessingAndReportingInfo>
              <dwdcdc:mezaId>432300953614</dwdcdc:mezaId>
              <dwdcdc:mezaDescription>OBS_DEU_P1D_T2M_N: Tägliche Stationsmessungen des Minimums der Lufttemperatur in 2 m Höhe in °C</dwdcdc:mezaDescription>
              <gocl:modDTFrom>1977-10-01T00:00:00.000000</gocl:modDTFrom>
              <gocl:modDTUntil>1994-07-31T00:00:00.000000</gocl:modDTUntil>
              <wmdscl:processingMethod>Minimum</wmdscl:processingMethod>
              <wmdscl:aggregationPeriod>1 Tag</wmdscl:aggregationPeriod>
              <wmdscl:referenceTime>undefined</wmdscl:referenceTime>
              <wmdscl:referenceDate>undefined</wmdscl:referenceDate>
            </wmdscl:dataProcessingAndReportingInfo>
            <wmdscl:dataProcessingAndReportingInfo>
              <dwdcdc:mezaId>432300624846</dwdcdc:mezaId>
              <dwdcdc:mezaDescription>OBS_DEU_P1M_T2M: Monatsmittel der Stationsmessungen der Lufttemperatur in 2 m Höhe in °C</dwdcdc:mezaDescription>
              <gocl:modDTFrom>1977-10-01T00:00:00.000000</gocl:modDTFrom>
              <gocl:modDTUntil>1994-07-01T00:00:00.000000</gocl:modDTUntil>
              <wmdscl:processingMethod>Mittelwert</wmdscl:processingMethod>
              <wmdscl:aggregationPeriod>1 Monat</wmdscl:aggregationPeriod>
              <wmdscl:referenceTime>undefined</wmdscl:referenceTime>
              <wmdscl:referenceDate>undefined</wmdscl:referenceDate>
            </wmdscl:dataProcessingAndReportingInfo>
          </wmdscl:dataProcessingAndReporting>
        </wmdscl:observedVariableInfo>
        <wmdscl:observedVariableInfo>Temperatur / Feuchte<gocl:instrument>
            <gocl:instrumentInfo>
              <gocl:instrumentModel>Psychrometerthermometer (trocken)</gocl:instrumentModel>
              <gocl:observingMethod>Temperatur/Feuchtemessung, konv.</gocl:observingMethod>
              <gocl:distanceFromReferenceSurface>2</gocl:distanceFromReferenceSurface>
              <gocl:modDTFrom>1993-01-01T00:00:00</gocl:modDTFrom>
              <gocl:modDTUntil>1994-07-31T00:00:00</gocl:modDTUntil>
            </gocl:instrumentInfo>
            <gocl:instrumentInfo>
              <gocl:instrumentModel>Psychrometerthermometer (feucht)</gocl:instrumentModel>
              <gocl:observingMethod>Temperatur/Feuchtemessung, konv.</gocl:observingMethod>
              <gocl:distanceFromReferenceSurface>2</gocl:distanceFromReferenceSurface>
              <gocl:modDTFrom>1993-01-01T00:00:00</gocl:modDTFrom>
              <gocl:modDTUntil>1994-07-31T00:00:00</gocl:modDTUntil>
            </gocl:instrumentInfo>
            <gocl:instrumentInfo>
              <gocl:instrumentModel>Psychrometerthermometer (feucht)</gocl:instrumentModel>
              <gocl:observingMethod>Temperatur/Feuchtemessung, konv.</gocl:observingMethod>
              <gocl:distanceFromReferenceSurface>2</gocl:distanceFromReferenceSurface>
              <gocl:modDTFrom>1989-11-01T00:00:00</gocl:modDTFrom>
              <gocl:modDTUntil>1992-11-30T00:00:00</gocl:modDTUntil>
            </gocl:instrumentInfo>
            <gocl:instrumentInfo>
              <gocl:instrumentModel>Psychrometerthermometer (trocken)</gocl:instrumentModel>
              <gocl:observingMethod>Temperatur/Feuchtemessung, konv.</gocl:observingMethod>
              <gocl:distanceFromReferenceSurface>2</gocl:distanceFromReferenceSurface>
              <gocl:modDTFrom>1989-11-01T00:00:00</gocl:modDTFrom>
              <gocl:modDTUntil>1992-11-30T00:00:00</gocl:modDTUntil>
            </gocl:instrumentInfo>
            <gocl:instrumentInfo>
              <gocl:instrumentModel>Psychrometerthermometer (feucht)</gocl:instrumentModel>
              <gocl:observingMethod>Temperatur/Feuchtemessung, konv.</gocl:observingMethod>
              <gocl:distanceFromReferenceSurface>2</gocl:distanceFromReferenceSurface>
              <gocl:modDTFrom>1977-10-01T00:00:00</gocl:modDTFrom>
              <gocl:modDTUntil>1989-08-31T00:00:00</gocl:modDTUntil>
            </gocl:instrumentInfo>
            <gocl:instrumentInfo>
              <gocl:instrumentModel>Psychrometerthermometer (trocken)</gocl:instrumentModel>
              <gocl:observingMethod>Temperatur/Feuchtemessung, konv.</gocl:observingMethod>
              <gocl:distanceFromReferenceSurface>2</gocl:distanceFromReferenceSurface>
              <gocl:modDTFrom>1977-10-01T00:00:00</gocl:modDTFrom>
              <gocl:modDTUntil>1989-08-31T00:00:00</gocl:modDTUntil>
            </gocl:instrumentInfo>
          </gocl:instrument>
          <wmdscl:dataProcessingAndReporting>
            <wmdscl:dataProcessingAndReportingInfo>
              <dwdcdc:mezaId>432300701582</dwdcdc:mezaId>
              <dwdcdc:mezaDescription>OBS_DEU_P1Y_RF: Jahresmittel der Stationsmessungen der relativen Feuchte in 2 m Höhe in %</dwdcdc:mezaDescription>
              <gocl:modDTFrom>1978-01-01T00:00:00.000000</gocl:modDTFrom>
              <gocl:modDTUntil>1993-01-01T00:00:00.000000</gocl:modDTUntil>
              <wmdscl:processingMethod>Mittelwert</wmdscl:processingMethod>
              <wmdscl:aggregationPeriod>1 Jahr</wmdscl:aggregationPeriod>
              <wmdscl:referenceTime>undefined</wmdscl:referenceTime>
              <wmdscl:referenceDate>undefined</wmdscl:referenceDate>
            </wmdscl:dataProcessingAndReportingInfo>
            <wmdscl:dataProcessingAndReportingInfo>
              <dwdcdc:mezaId>432300706574</dwdcdc:mezaId>
              <dwdcdc:mezaDescription>OBS_DEU_P1D_T2M: Tägliche Stationsmessungen der mittleren Lufttemperatur in 2 m Höhe in °C</dwdcdc:mezaDescription>
              <gocl:modDTFrom>1977-10-01T00:00:00.000000</gocl:modDTFrom>
              <gocl:modDTUntil>1994-07-31T00:00:00.000000</gocl:modDTUntil>
              <wmdscl:processingMethod>Mittelwert</wmdscl:processingMethod>
              <wmdscl:aggregationPeriod>1 Tag</wmdscl:aggregationPeriod>
              <wmdscl:referenceTime>undefined</wmdscl:referenceTime>
              <wmdscl:referenceDate>undefined</wmdscl:referenceDate>
            </wmdscl:dataProcessingAndReportingInfo>
            <wmdscl:dataProcessingAndReportingInfo>
              <dwdcdc:mezaId>432300624846</dwdcdc:mezaId>
              <dwdcdc:mezaDescription>OBS_DEU_P1M_T2M: Monatsmittel der Stationsmessungen der Lufttemperatur in 2 m Höhe in °C</dwdcdc:mezaDescription>
              <gocl:modDTFrom>1977-10-01T00:00:00.000000</gocl:modDTFrom>
              <gocl:modDTUntil>1994-07-01T00:00:00.000000</gocl:modDTUntil>
              <wmdscl:processingMethod>Mittelwert</wmdscl:processingMethod>
              <wmdscl:aggregationPeriod>1 Monat</wmdscl:aggregationPeriod>
              <wmdscl:referenceTime>undefined</wmdscl:referenceTime>
              <wmdscl:referenceDate>undefined</wmdscl:referenceDate>
            </wmdscl:dataProcessingAndReportingInfo>
            <wmdscl:dataProcessingAndReportingInfo>
              <dwdcdc:mezaId>432300118926</dwdcdc:mezaId>
              <dwdcdc:mezaDescription>OBS_DEU_P1D_RF: Tagesmittel der relativen Feuchte in 2 m Höhe in %</dwdcdc:mezaDescription>
              <gocl:modDTFrom>1977-10-01T00:00:00.000000</gocl:modDTFrom>
              <gocl:modDTUntil>1994-07-31T00:00:00.000000</gocl:modDTUntil>
              <wmdscl:processingMethod>Mittelwert</wmdscl:processingMethod>
              <wmdscl:aggregationPeriod>1 Tag</wmdscl:aggregationPeriod>
              <wmdscl:referenceTime>undefined</wmdscl:referenceTime>
              <wmdscl:referenceDate>undefined</wmdscl:referenceDate>
            </wmdscl:dataProcessingAndReportingInfo>
            <wmdscl:dataProcessingAndReportingInfo>
              <dwdcdc:mezaId>432300933646</dwdcdc:mezaId>
              <dwdcdc:mezaDescription>OBS_DEU_P1M_RF: Monatsmittel der Stationsmessungen der relativen Feuchte in 2 m Höhe in %</dwdcdc:mezaDescription>
              <gocl:modDTFrom>1977-10-01T00:00:00.000000</gocl:modDTFrom>
              <gocl:modDTUntil>1994-07-01T00:00:00.000000</gocl:modDTUntil>
              <wmdscl:processingMethod>Mittelwert</wmdscl:processingMethod>
              <wmdscl:aggregationPeriod>1 Monat</wmdscl:aggregationPeriod>
              <wmdscl:referenceTime>undefined</wmdscl:referenceTime>
              <wmdscl:referenceDate>undefined</wmdscl:referenceDate>
            </wmdscl:dataProcessingAndReportingInfo>
            <wmdscl:dataProcessingAndReportingInfo>
              <dwdcdc:mezaId>432300350990</dwdcdc:mezaId>
              <dwdcdc:mezaDescription>OBS_DEU_P1Y_T2M: Jahresmittel der Stationsmessungen der Lufttemperatur in 2 m Höhe in °C</dwdcdc:mezaDescription>
              <gocl:modDTFrom>1978-01-01T00:00:00.000000</gocl:modDTFrom>
              <gocl:modDTUntil>1993-01-01T00:00:00.000000</gocl:modDTUntil>
              <wmdscl:processingMethod>Mittelwert</wmdscl:processingMethod>
              <wmdscl:aggregationPeriod>1 Jahr</wmdscl:aggregationPeriod>
              <wmdscl:referenceTime>undefined</wmdscl:referenceTime>
              <wmdscl:referenceDate>undefined</wmdscl:referenceDate>
            </wmdscl:dataProcessingAndReportingInfo>
          </wmdscl:dataProcessingAndReporting>
        </wmdscl:observedVariableInfo>
        <wmdscl:observedVariableInfo>Wind<gocl:instrument/>
          <wmdscl:dataProcessingAndReporting>
            <wmdscl:dataProcessingAndReportingInfo>
              <dwdcdc:mezaId>432300289230</dwdcdc:mezaId>
              <dwdcdc:mezaDescription>OBS_DEU_P1Y_F-K: Jahresmittel der Stationsmessungen der Windstärke in Bft</dwdcdc:mezaDescription>
              <gocl:modDTFrom>1978-01-01T00:00:00.000000</gocl:modDTFrom>
              <gocl:modDTUntil>1993-01-01T00:00:00.000000</gocl:modDTUntil>
              <wmdscl:processingMethod>Mittelwert</wmdscl:processingMethod>
              <wmdscl:aggregationPeriod>1 Jahr</wmdscl:aggregationPeriod>
              <wmdscl:referenceTime>undefined</wmdscl:referenceTime>
              <wmdscl:referenceDate>undefined</wmdscl:referenceDate>
            </wmdscl:dataProcessingAndReportingInfo>
            <wmdscl:dataProcessingAndReportingInfo>
              <dwdcdc:mezaId>432300103950</dwdcdc:mezaId>
              <dwdcdc:mezaDescription>OBS_DEU_P1M_F-K: Monatsmittel der Stationsmessungen der Windstärke in Bft</dwdcdc:mezaDescription>
              <gocl:modDTFrom>1977-10-01T00:00:00.000000</gocl:modDTFrom>
              <gocl:modDTUntil>1993-12-01T00:00:00.000000</gocl:modDTUntil>
              <wmdscl:processingMethod>Mittelwert</wmdscl:processingMethod>
              <wmdscl:aggregationPeriod>1 Monat</wmdscl:aggregationPeriod>
              <wmdscl:referenceTime>undefined</wmdscl:referenceTime>
              <wmdscl:referenceDate>undefined</wmdscl:referenceDate>
            </wmdscl:dataProcessingAndReportingInfo>
            <wmdscl:dataProcessingAndReportingInfo>
              <dwdcdc:mezaId>432300825102</dwdcdc:mezaId>
              <dwdcdc:mezaDescription>FMK_MN004: Tägliche Stationsdaten Windstaerke Beaufort (Tagesmittel) in bft</dwdcdc:mezaDescription>
              <gocl:modDTFrom>1977-10-01T00:00:00.000000</gocl:modDTFrom>
              <gocl:modDTUntil>1993-12-31T00:00:00.000000</gocl:modDTUntil>
              <wmdscl:processingMethod>Mittelwert</wmdscl:processingMethod>
              <wmdscl:aggregationPeriod>1 Tag</wmdscl:aggregationPeriod>
              <wmdscl:referenceTime>undefined</wmdscl:referenceTime>
              <wmdscl:referenceDate>undefined</wmdscl:referenceDate>
            </wmdscl:dataProcessingAndReportingInfo>
          </wmdscl:dataProcessingAndReporting>
        </wmdscl:observedVariableInfo>
      </wmdscl:observedVariable>
    </go:observationInfo>
  </go:observation>
</go:station>
