<?xml version="1.0"?>
<go:station xmlns:go="http://meteoswiss.ch/oscar/xsd/go" xmlns:wmdscl="http://meteoswiss.ch/oscar/xsd/wmdscl" xmlns:gocl="http://meteoswiss.ch/oscar/xsd/gocl" xmlns:dwdcdc="http://dwd.de/cdc/xsd/mesa">
  <go:StationInfo>
    <go:StationID>812300035687</go:StationID>
    <go:wigosID>0-20000-0-184</go:wigosID>
    <go:stationName>Arneburg</go:stationName>
    <go:stationLongitude>12.007669</go:stationLongitude>
    <go:stationLatitude>52.676863</go:stationLatitude>
    <go:stationElevation>55</go:stationElevation>
    <wmdscl:siteInformation/>
    <wmdscl:country>3-02-68</wmdscl:country>
    <wmdscl:wmoRegion>3-01- TODO</wmdscl:wmoRegion>
    <wmdscl:dateEstablished>1936-04-01T00:00:00</wmdscl:dateEstablished>
    <wmdscl:dateClosed>2002-12-31T00:00:00</wmdscl:dateClosed>
  </go:StationInfo>
  <wmdscl:event>
    <wmdscl:eventInfo>
      <gocl:modDTFrom>1936-04-01T00:00:00</gocl:modDTFrom>
      <gocl:modDTUntil>1966-06-30T00:00:00</gocl:modDTUntil>
      <go:stationLatitude>52.6833</go:stationLatitude>
      <go:stationLongitude>12.0167</go:stationLongitude>
      <go:stationElevation>55</go:stationElevation>
    </wmdscl:eventInfo>
    <wmdscl:eventInfo>
      <gocl:modDTFrom>1966-07-01T00:00:00</gocl:modDTFrom>
      <gocl:modDTUntil>1988-09-30T00:00:00</gocl:modDTUntil>
      <go:stationLatitude>52.672464</go:stationLatitude>
      <go:stationLongitude>12.018168</go:stationLongitude>
      <go:stationElevation>70</go:stationElevation>
    </wmdscl:eventInfo>
    <wmdscl:eventInfo>
      <gocl:modDTFrom>1988-10-01T00:00:00</gocl:modDTFrom>
      <gocl:modDTUntil>1991-11-30T00:00:00</gocl:modDTUntil>
      <go:stationLatitude>52.674963</go:stationLatitude>
      <go:stationLongitude>12.009569</go:stationLongitude>
      <go:stationElevation>59</go:stationElevation>
    </wmdscl:eventInfo>
    <wmdscl:eventInfo>
      <gocl:modDTFrom>1991-12-01T00:00:00</gocl:modDTFrom>
      <gocl:modDTUntil>2002-12-31T00:00:00</gocl:modDTUntil>
      <go:stationLatitude>52.676863</go:stationLatitude>
      <go:stationLongitude>12.007669</go:stationLongitude>
      <go:stationElevation>55</go:stationElevation>
    </wmdscl:eventInfo>
  </wmdscl:event>
  <go:observation>
    <go:observationInfo>
      <wmdscl:observedVariable>
        <wmdscl:observedVariableInfo>etc.<gocl:instrument/>
          <wmdscl:dataProcessingAndReporting>
            <wmdscl:dataProcessingAndReportingInfo>
              <dwdcdc:mezaId>432300913678</dwdcdc:mezaId>
              <dwdcdc:mezaDescription>OBS_DEU_P1D_RR-F: Tägliche Stationsbeobachtungen der Niederschlagsform</dwdcdc:mezaDescription>
              <gocl:modDTFrom>1969-01-01T00:00:00.000000</gocl:modDTFrom>
              <gocl:modDTUntil>2002-12-31T00:00:00.000000</gocl:modDTUntil>
              <wmdscl:processingMethod>Summe</wmdscl:processingMethod>
              <wmdscl:aggregationPeriod>24 Stunden</wmdscl:aggregationPeriod>
              <wmdscl:referenceTime>undefined</wmdscl:referenceTime>
              <wmdscl:referenceDate>undefined</wmdscl:referenceDate>
            </wmdscl:dataProcessingAndReportingInfo>
            <wmdscl:dataProcessingAndReportingInfo>
              <dwdcdc:mezaId>432300304206</dwdcdc:mezaId>
              <dwdcdc:mezaDescription>OBS_DEU_P1M_T5CM_N: Monatsmittel der Stationsmessungen des Tagesminimums der Lufttemperatur am Erdboden in 5 cm  Höhe in °C</dwdcdc:mezaDescription>
              <gocl:modDTFrom>1948-12-01T00:00:00.000000</gocl:modDTFrom>
              <gocl:modDTUntil>1966-06-01T00:00:00.000000</gocl:modDTUntil>
              <wmdscl:processingMethod>Mittelwert</wmdscl:processingMethod>
              <wmdscl:aggregationPeriod>1 Monat</wmdscl:aggregationPeriod>
              <wmdscl:referenceTime>undefined</wmdscl:referenceTime>
              <wmdscl:referenceDate>undefined</wmdscl:referenceDate>
            </wmdscl:dataProcessingAndReportingInfo>
            <wmdscl:dataProcessingAndReportingInfo>
              <dwdcdc:mezaId>432300644814</dwdcdc:mezaId>
              <dwdcdc:mezaDescription>OBS_DEU_P1Y_T2M_N: Jahresmittel der Stationsmessungen des Tagesminimums der Lufttemperatur in 2 m Höhe in °C</dwdcdc:mezaDescription>
              <gocl:modDTFrom>1947-01-01T00:00:00.000000</gocl:modDTFrom>
              <gocl:modDTUntil>1965-01-01T00:00:00.000000</gocl:modDTUntil>
              <wmdscl:processingMethod>Mittelwert</wmdscl:processingMethod>
              <wmdscl:aggregationPeriod>1 Jahr</wmdscl:aggregationPeriod>
              <wmdscl:referenceTime>undefined</wmdscl:referenceTime>
              <wmdscl:referenceDate>undefined</wmdscl:referenceDate>
            </wmdscl:dataProcessingAndReportingInfo>
            <wmdscl:dataProcessingAndReportingInfo>
              <dwdcdc:mezaId>432300758350</dwdcdc:mezaId>
              <dwdcdc:mezaDescription>OBS_DEU_P1M_SH-N: Monatssumme der Stationsmessungen der Neuschneehöhe in cm</dwdcdc:mezaDescription>
              <gocl:modDTFrom>1991-01-01T00:00:00.000000</gocl:modDTFrom>
              <gocl:modDTUntil>2002-12-01T00:00:00.000000</gocl:modDTUntil>
              <wmdscl:processingMethod>Summe</wmdscl:processingMethod>
              <wmdscl:aggregationPeriod>1 Monat</wmdscl:aggregationPeriod>
              <wmdscl:referenceTime>undefined</wmdscl:referenceTime>
              <wmdscl:referenceDate>undefined</wmdscl:referenceDate>
            </wmdscl:dataProcessingAndReportingInfo>
            <wmdscl:dataProcessingAndReportingInfo>
              <dwdcdc:mezaId>432300960462</dwdcdc:mezaId>
              <dwdcdc:mezaDescription>OBS_DEU_P1M_T2M_X: Monatsmittel der Stationsmessungen des Tagesmaximums der Lufttemperatur in 2 m Höhe in °C</dwdcdc:mezaDescription>
              <gocl:modDTFrom>1947-01-01T00:00:00.000000</gocl:modDTFrom>
              <gocl:modDTUntil>1966-06-01T00:00:00.000000</gocl:modDTUntil>
              <wmdscl:processingMethod>Mittelwert</wmdscl:processingMethod>
              <wmdscl:aggregationPeriod>1 Monat</wmdscl:aggregationPeriod>
              <wmdscl:referenceTime>undefined</wmdscl:referenceTime>
              <wmdscl:referenceDate>undefined</wmdscl:referenceDate>
            </wmdscl:dataProcessingAndReportingInfo>
            <wmdscl:dataProcessingAndReportingInfo>
              <dwdcdc:mezaId>432300583054</dwdcdc:mezaId>
              <dwdcdc:mezaDescription>OBS_DEU_P1Y_VP: Jahresmittel der Stationsmessungen des Dampfdrucks in hPa</dwdcdc:mezaDescription>
              <gocl:modDTFrom>1950-01-01T00:00:00.000000</gocl:modDTFrom>
              <gocl:modDTUntil>1965-01-01T00:00:00.000000</gocl:modDTUntil>
              <wmdscl:processingMethod>Mittelwert</wmdscl:processingMethod>
              <wmdscl:aggregationPeriod>1 Jahr</wmdscl:aggregationPeriod>
              <wmdscl:referenceTime>undefined</wmdscl:referenceTime>
              <wmdscl:referenceDate>undefined</wmdscl:referenceDate>
            </wmdscl:dataProcessingAndReportingInfo>
            <wmdscl:dataProcessingAndReportingInfo>
              <dwdcdc:mezaId>432300412750</dwdcdc:mezaId>
              <dwdcdc:mezaDescription>OBS_DEU_P1D_VP: Tägliche Stationsmessungen des mittleren Dampfdrucks in hPa</dwdcdc:mezaDescription>
              <gocl:modDTFrom>1948-01-02T00:00:00.000000</gocl:modDTFrom>
              <gocl:modDTUntil>1966-06-30T00:00:00.000000</gocl:modDTUntil>
              <wmdscl:processingMethod>Mittelwert</wmdscl:processingMethod>
              <wmdscl:aggregationPeriod>1 Tag</wmdscl:aggregationPeriod>
              <wmdscl:referenceTime>undefined</wmdscl:referenceTime>
              <wmdscl:referenceDate>undefined</wmdscl:referenceDate>
            </wmdscl:dataProcessingAndReportingInfo>
            <wmdscl:dataProcessingAndReportingInfo>
              <dwdcdc:mezaId>432300820110</dwdcdc:mezaId>
              <dwdcdc:mezaDescription>OBS_DEU_P1Y_T2M_X: Jahresmittel der Stationsmessungen des Tagesmaximums der Lufttemperatur in 2 m Höhe in °C</dwdcdc:mezaDescription>
              <gocl:modDTFrom>1947-01-01T00:00:00.000000</gocl:modDTFrom>
              <gocl:modDTUntil>1965-01-01T00:00:00.000000</gocl:modDTUntil>
              <wmdscl:processingMethod>Mittelwert</wmdscl:processingMethod>
              <wmdscl:aggregationPeriod>1 Jahr</wmdscl:aggregationPeriod>
              <wmdscl:referenceTime>undefined</wmdscl:referenceTime>
              <wmdscl:referenceDate>undefined</wmdscl:referenceDate>
            </wmdscl:dataProcessingAndReportingInfo>
            <wmdscl:dataProcessingAndReportingInfo>
              <dwdcdc:mezaId>432300866894</dwdcdc:mezaId>
              <dwdcdc:mezaDescription>OBS_DEU_P1M_T2M_N: Monatsmittel der Stationsmessungen des Tagesminimums der Lufttemperatur in 2 m Höhe in °C</dwdcdc:mezaDescription>
              <gocl:modDTFrom>1947-01-01T00:00:00.000000</gocl:modDTFrom>
              <gocl:modDTUntil>1966-06-01T00:00:00.000000</gocl:modDTUntil>
              <wmdscl:processingMethod>Mittelwert</wmdscl:processingMethod>
              <wmdscl:aggregationPeriod>1 Monat</wmdscl:aggregationPeriod>
              <wmdscl:referenceTime>undefined</wmdscl:referenceTime>
              <wmdscl:referenceDate>undefined</wmdscl:referenceDate>
            </wmdscl:dataProcessingAndReportingInfo>
            <wmdscl:dataProcessingAndReportingInfo>
              <dwdcdc:mezaId>2532461327</dwdcdc:mezaId>
              <dwdcdc:mezaDescription>OBS_DEU_P1D_SH-N: Tägliche Stationsmessungen der Tagessumme der Neuschneehöhe in cm</dwdcdc:mezaDescription>
              <gocl:modDTFrom>1991-01-01T07:00:00.000000</gocl:modDTFrom>
              <gocl:modDTUntil>2002-12-30T07:00:00.000000</gocl:modDTUntil>
              <wmdscl:processingMethod>Summe</wmdscl:processingMethod>
              <wmdscl:aggregationPeriod>24 Stunden</wmdscl:aggregationPeriod>
              <wmdscl:referenceTime>undefined</wmdscl:referenceTime>
              <wmdscl:referenceDate>undefined</wmdscl:referenceDate>
            </wmdscl:dataProcessingAndReportingInfo>
            <wmdscl:dataProcessingAndReportingInfo>
              <dwdcdc:mezaId>432300526286</dwdcdc:mezaId>
              <dwdcdc:mezaDescription>OBS_DEU_P1Y_T5CM_N: Jahresmittel der Stationsmessungen des Tagesminimums der Lufttemperatur am Erdboden in 5 cm Höhe in °C</dwdcdc:mezaDescription>
              <gocl:modDTFrom>1949-01-01T00:00:00.000000</gocl:modDTFrom>
              <gocl:modDTUntil>1964-01-01T00:00:00.000000</gocl:modDTUntil>
              <wmdscl:processingMethod>Mittelwert</wmdscl:processingMethod>
              <wmdscl:aggregationPeriod>1 Jahr</wmdscl:aggregationPeriod>
              <wmdscl:referenceTime>undefined</wmdscl:referenceTime>
              <wmdscl:referenceDate>undefined</wmdscl:referenceDate>
            </wmdscl:dataProcessingAndReportingInfo>
            <wmdscl:dataProcessingAndReportingInfo>
              <dwdcdc:mezaId>432300659790</dwdcdc:mezaId>
              <dwdcdc:mezaDescription>OBS_DEU_P1D_T5CM_N: Tägliche Stationsmessungen des Minimums der Lufttemperatur am Erdboden in 5 cm Höhe in °C</dwdcdc:mezaDescription>
              <gocl:modDTFrom>1948-11-02T00:00:00.000000</gocl:modDTFrom>
              <gocl:modDTUntil>1966-06-30T00:00:00.000000</gocl:modDTUntil>
              <wmdscl:processingMethod>Minimum</wmdscl:processingMethod>
              <wmdscl:aggregationPeriod>1 Tag</wmdscl:aggregationPeriod>
              <wmdscl:referenceTime>undefined</wmdscl:referenceTime>
              <wmdscl:referenceDate>undefined</wmdscl:referenceDate>
            </wmdscl:dataProcessingAndReportingInfo>
            <wmdscl:dataProcessingAndReportingInfo>
              <dwdcdc:mezaId>432300170702</dwdcdc:mezaId>
              <dwdcdc:mezaDescription>OBS_DEU_P1M_VP: Monatsmittel der Stationsmessungen des Dampfdrucks in hPa</dwdcdc:mezaDescription>
              <gocl:modDTFrom>1948-04-01T00:00:00.000000</gocl:modDTFrom>
              <gocl:modDTUntil>1966-06-01T00:00:00.000000</gocl:modDTUntil>
              <wmdscl:processingMethod>Mittelwert</wmdscl:processingMethod>
              <wmdscl:aggregationPeriod>1 Monat</wmdscl:aggregationPeriod>
              <wmdscl:referenceTime>undefined</wmdscl:referenceTime>
              <wmdscl:referenceDate>undefined</wmdscl:referenceDate>
            </wmdscl:dataProcessingAndReportingInfo>
            <wmdscl:dataProcessingAndReportingInfo>
              <dwdcdc:mezaId>432300763342</dwdcdc:mezaId>
              <dwdcdc:mezaDescription>OBS_DEU_P1Y_SH-N: Jahressumme der Stationsmessungen der Neuschneehöhe in cm</dwdcdc:mezaDescription>
              <gocl:modDTFrom>1992-01-01T00:00:00.000000</gocl:modDTFrom>
              <gocl:modDTUntil>2002-01-01T00:00:00.000000</gocl:modDTUntil>
              <wmdscl:processingMethod>Summe</wmdscl:processingMethod>
              <wmdscl:aggregationPeriod>1 Jahr</wmdscl:aggregationPeriod>
              <wmdscl:referenceTime>undefined</wmdscl:referenceTime>
              <wmdscl:referenceDate>undefined</wmdscl:referenceDate>
            </wmdscl:dataProcessingAndReportingInfo>
          </wmdscl:dataProcessingAndReporting>
        </wmdscl:observedVariableInfo>
        <wmdscl:observedVariableInfo>Feuchte<gocl:instrument/>
          <wmdscl:dataProcessingAndReporting>
            <wmdscl:dataProcessingAndReportingInfo>
              <dwdcdc:mezaId>432300701582</dwdcdc:mezaId>
              <dwdcdc:mezaDescription>OBS_DEU_P1Y_RF: Jahresmittel der Stationsmessungen der relativen Feuchte in 2 m Höhe in %</dwdcdc:mezaDescription>
              <gocl:modDTFrom>1950-01-01T00:00:00.000000</gocl:modDTFrom>
              <gocl:modDTUntil>1965-01-01T00:00:00.000000</gocl:modDTUntil>
              <wmdscl:processingMethod>Mittelwert</wmdscl:processingMethod>
              <wmdscl:aggregationPeriod>1 Jahr</wmdscl:aggregationPeriod>
              <wmdscl:referenceTime>undefined</wmdscl:referenceTime>
              <wmdscl:referenceDate>undefined</wmdscl:referenceDate>
            </wmdscl:dataProcessingAndReportingInfo>
            <wmdscl:dataProcessingAndReportingInfo>
              <dwdcdc:mezaId>432300933646</dwdcdc:mezaId>
              <dwdcdc:mezaDescription>OBS_DEU_P1M_RF: Monatsmittel der Stationsmessungen der relativen Feuchte in 2 m Höhe in %</dwdcdc:mezaDescription>
              <gocl:modDTFrom>1948-04-01T00:00:00.000000</gocl:modDTFrom>
              <gocl:modDTUntil>1966-06-01T00:00:00.000000</gocl:modDTUntil>
              <wmdscl:processingMethod>Mittelwert</wmdscl:processingMethod>
              <wmdscl:aggregationPeriod>1 Monat</wmdscl:aggregationPeriod>
              <wmdscl:referenceTime>undefined</wmdscl:referenceTime>
              <wmdscl:referenceDate>undefined</wmdscl:referenceDate>
            </wmdscl:dataProcessingAndReportingInfo>
            <wmdscl:dataProcessingAndReportingInfo>
              <dwdcdc:mezaId>432300118926</dwdcdc:mezaId>
              <dwdcdc:mezaDescription>OBS_DEU_P1D_RF: Tagesmittel der relativen Feuchte in 2 m Höhe in %</dwdcdc:mezaDescription>
              <gocl:modDTFrom>1948-01-02T00:00:00.000000</gocl:modDTFrom>
              <gocl:modDTUntil>1966-06-30T00:00:00.000000</gocl:modDTUntil>
              <wmdscl:processingMethod>Mittelwert</wmdscl:processingMethod>
              <wmdscl:aggregationPeriod>1 Tag</wmdscl:aggregationPeriod>
              <wmdscl:referenceTime>undefined</wmdscl:referenceTime>
              <wmdscl:referenceDate>undefined</wmdscl:referenceDate>
            </wmdscl:dataProcessingAndReportingInfo>
          </wmdscl:dataProcessingAndReporting>
        </wmdscl:observedVariableInfo>
        <wmdscl:observedVariableInfo>Niederschlag<gocl:instrument>
            <gocl:instrumentInfo>
              <gocl:instrumentModel>Hellmann</gocl:instrumentModel>
              <gocl:observingMethod>Niederschlagsmenge, konv.</gocl:observingMethod>
              <gocl:distanceFromReferenceSurface>1</gocl:distanceFromReferenceSurface>
              <gocl:modDTFrom>1991-12-01T00:00:00</gocl:modDTFrom>
              <gocl:modDTUntil>2002-12-31T00:00:00</gocl:modDTUntil>
            </gocl:instrumentInfo>
            <gocl:instrumentInfo>
              <gocl:instrumentModel>Hellmann</gocl:instrumentModel>
              <gocl:observingMethod>Niederschlagsmenge, konv.</gocl:observingMethod>
              <gocl:distanceFromReferenceSurface>1</gocl:distanceFromReferenceSurface>
              <gocl:modDTFrom>1988-10-01T00:00:00</gocl:modDTFrom>
              <gocl:modDTUntil>1991-04-30T00:00:00</gocl:modDTUntil>
            </gocl:instrumentInfo>
            <gocl:instrumentInfo>
              <gocl:instrumentModel>Hellmann</gocl:instrumentModel>
              <gocl:observingMethod>Niederschlagsmenge, konv.</gocl:observingMethod>
              <gocl:distanceFromReferenceSurface>1</gocl:distanceFromReferenceSurface>
              <gocl:modDTFrom>1966-07-01T00:00:00</gocl:modDTFrom>
              <gocl:modDTUntil>1988-09-30T00:00:00</gocl:modDTUntil>
            </gocl:instrumentInfo>
            <gocl:instrumentInfo>
              <gocl:instrumentModel>Hellmann</gocl:instrumentModel>
              <gocl:observingMethod>Niederschlagsmenge, konv.</gocl:observingMethod>
              <gocl:distanceFromReferenceSurface>1</gocl:distanceFromReferenceSurface>
              <gocl:modDTFrom>1947-01-01T00:00:00</gocl:modDTFrom>
              <gocl:modDTUntil>1966-06-30T00:00:00</gocl:modDTUntil>
            </gocl:instrumentInfo>
          </gocl:instrument>
          <wmdscl:dataProcessingAndReporting>
            <wmdscl:dataProcessingAndReportingInfo>
              <dwdcdc:mezaId>432300666638</dwdcdc:mezaId>
              <dwdcdc:mezaDescription>OBS_DEU_P1Y_RR: Jahressumme der Stationsmessungen der Niederschlagshöhe in mm</dwdcdc:mezaDescription>
              <gocl:modDTFrom>1901-01-01T00:00:00.000000</gocl:modDTFrom>
              <gocl:modDTUntil>2002-01-01T00:00:00.000000</gocl:modDTUntil>
              <wmdscl:processingMethod>Summe</wmdscl:processingMethod>
              <wmdscl:aggregationPeriod>1 Jahr</wmdscl:aggregationPeriod>
              <wmdscl:referenceTime>undefined</wmdscl:referenceTime>
              <wmdscl:referenceDate>undefined</wmdscl:referenceDate>
            </wmdscl:dataProcessingAndReportingInfo>
            <wmdscl:dataProcessingAndReportingInfo>
              <dwdcdc:mezaId>432300309198</dwdcdc:mezaId>
              <dwdcdc:mezaDescription>OBS_DEU_P1D_SH: Tägliche Stationsmessungen der Schneehöhe in cm</dwdcdc:mezaDescription>
              <gocl:modDTFrom>1969-01-01T07:00:00.000000</gocl:modDTFrom>
              <gocl:modDTUntil>2002-12-30T07:00:00.000000</gocl:modDTUntil>
              <wmdscl:processingMethod>Mittelwert</wmdscl:processingMethod>
              <wmdscl:aggregationPeriod>1 Tag</wmdscl:aggregationPeriod>
              <wmdscl:referenceTime>undefined</wmdscl:referenceTime>
              <wmdscl:referenceDate>undefined</wmdscl:referenceDate>
            </wmdscl:dataProcessingAndReportingInfo>
            <wmdscl:dataProcessingAndReportingInfo>
              <dwdcdc:mezaId>432300207502</dwdcdc:mezaId>
              <dwdcdc:mezaDescription>OBS_DEU_P1D_RR: Tägliche Stationsmessungen Niederschlagshöhe in mm</dwdcdc:mezaDescription>
              <gocl:modDTFrom>1969-01-01T00:00:00.000000</gocl:modDTFrom>
              <gocl:modDTUntil>2002-12-31T00:00:00.000000</gocl:modDTUntil>
              <wmdscl:processingMethod>Summe</wmdscl:processingMethod>
              <wmdscl:aggregationPeriod>1 Tag</wmdscl:aggregationPeriod>
              <wmdscl:referenceTime>undefined</wmdscl:referenceTime>
              <wmdscl:referenceDate>undefined</wmdscl:referenceDate>
            </wmdscl:dataProcessingAndReportingInfo>
            <wmdscl:dataProcessingAndReportingInfo>
              <dwdcdc:mezaId>432300372814</dwdcdc:mezaId>
              <dwdcdc:mezaDescription>OBS_DEU_P1Y_SH_S: Jahressumme der Stationsmessungen der Schneehöhe in cm</dwdcdc:mezaDescription>
              <gocl:modDTFrom>1969-01-01T00:00:00.000000</gocl:modDTFrom>
              <gocl:modDTUntil>2002-01-01T00:00:00.000000</gocl:modDTUntil>
              <wmdscl:processingMethod>Summe</wmdscl:processingMethod>
              <wmdscl:aggregationPeriod>1 Jahr</wmdscl:aggregationPeriod>
              <wmdscl:referenceTime>undefined</wmdscl:referenceTime>
              <wmdscl:referenceDate>undefined</wmdscl:referenceDate>
            </wmdscl:dataProcessingAndReportingInfo>
            <wmdscl:dataProcessingAndReportingInfo>
              <dwdcdc:mezaId>432300876878</dwdcdc:mezaId>
              <dwdcdc:mezaDescription>OBS_DEU_P1M_SH_S: Monatssumme der Stationsmessungen der Schneehöhe in cm</dwdcdc:mezaDescription>
              <gocl:modDTFrom>1969-01-01T00:00:00.000000</gocl:modDTFrom>
              <gocl:modDTUntil>2002-12-01T00:00:00.000000</gocl:modDTUntil>
              <wmdscl:processingMethod>Summe</wmdscl:processingMethod>
              <wmdscl:aggregationPeriod>1 Monat</wmdscl:aggregationPeriod>
              <wmdscl:referenceTime>undefined</wmdscl:referenceTime>
              <wmdscl:referenceDate>undefined</wmdscl:referenceDate>
            </wmdscl:dataProcessingAndReportingInfo>
            <wmdscl:dataProcessingAndReportingInfo>
              <dwdcdc:mezaId>432300345998</dwdcdc:mezaId>
              <dwdcdc:mezaDescription>OBS_DEU_P1M_RR: Monatssumme der Stationsmessungen der Niederschlagshöhe in mm</dwdcdc:mezaDescription>
              <gocl:modDTFrom>1901-01-01T00:00:00.000000</gocl:modDTFrom>
              <gocl:modDTUntil>2002-12-01T00:00:00.000000</gocl:modDTUntil>
              <wmdscl:processingMethod>Summe</wmdscl:processingMethod>
              <wmdscl:aggregationPeriod>1 Monat</wmdscl:aggregationPeriod>
              <wmdscl:referenceTime>undefined</wmdscl:referenceTime>
              <wmdscl:referenceDate>undefined</wmdscl:referenceDate>
            </wmdscl:dataProcessingAndReportingInfo>
          </wmdscl:dataProcessingAndReporting>
        </wmdscl:observedVariableInfo>
        <wmdscl:observedVariableInfo>Temperatur (Luft)<gocl:instrument/>
          <wmdscl:dataProcessingAndReporting>
            <wmdscl:dataProcessingAndReportingInfo>
              <dwdcdc:mezaId>432300350990</dwdcdc:mezaId>
              <dwdcdc:mezaDescription>OBS_DEU_P1Y_T2M: Jahresmittel der Stationsmessungen der Lufttemperatur in 2 m Höhe in °C</dwdcdc:mezaDescription>
              <gocl:modDTFrom>1947-01-01T00:00:00.000000</gocl:modDTFrom>
              <gocl:modDTUntil>1965-01-01T00:00:00.000000</gocl:modDTUntil>
              <wmdscl:processingMethod>Mittelwert</wmdscl:processingMethod>
              <wmdscl:aggregationPeriod>1 Jahr</wmdscl:aggregationPeriod>
              <wmdscl:referenceTime>undefined</wmdscl:referenceTime>
              <wmdscl:referenceDate>undefined</wmdscl:referenceDate>
            </wmdscl:dataProcessingAndReportingInfo>
            <wmdscl:dataProcessingAndReportingInfo>
              <dwdcdc:mezaId>432300237454</dwdcdc:mezaId>
              <dwdcdc:mezaDescription>OBS_DEU_P1D_T2M_X: Tägliche Stationsmessungen des Maximums der Lufttemperatur in 2 m Höhe in °C</dwdcdc:mezaDescription>
              <gocl:modDTFrom>1947-01-01T00:00:00.000000</gocl:modDTFrom>
              <gocl:modDTUntil>1966-06-30T00:00:00.000000</gocl:modDTUntil>
              <wmdscl:processingMethod>Maximum</wmdscl:processingMethod>
              <wmdscl:aggregationPeriod>1 Tag</wmdscl:aggregationPeriod>
              <wmdscl:referenceTime>undefined</wmdscl:referenceTime>
              <wmdscl:referenceDate>undefined</wmdscl:referenceDate>
            </wmdscl:dataProcessingAndReportingInfo>
            <wmdscl:dataProcessingAndReportingInfo>
              <dwdcdc:mezaId>432300706574</dwdcdc:mezaId>
              <dwdcdc:mezaDescription>OBS_DEU_P1D_T2M: Tägliche Stationsmessungen der mittleren Lufttemperatur in 2 m Höhe in °C</dwdcdc:mezaDescription>
              <gocl:modDTFrom>1947-01-01T00:00:00.000000</gocl:modDTFrom>
              <gocl:modDTUntil>1966-06-30T00:00:00.000000</gocl:modDTUntil>
              <wmdscl:processingMethod>Mittelwert</wmdscl:processingMethod>
              <wmdscl:aggregationPeriod>1 Tag</wmdscl:aggregationPeriod>
              <wmdscl:referenceTime>undefined</wmdscl:referenceTime>
              <wmdscl:referenceDate>undefined</wmdscl:referenceDate>
            </wmdscl:dataProcessingAndReportingInfo>
            <wmdscl:dataProcessingAndReportingInfo>
              <dwdcdc:mezaId>432300624846</dwdcdc:mezaId>
              <dwdcdc:mezaDescription>OBS_DEU_P1M_T2M: Monatsmittel der Stationsmessungen der Lufttemperatur in 2 m Höhe in °C</dwdcdc:mezaDescription>
              <gocl:modDTFrom>1947-01-01T00:00:00.000000</gocl:modDTFrom>
              <gocl:modDTUntil>1966-06-01T00:00:00.000000</gocl:modDTUntil>
              <wmdscl:processingMethod>Mittelwert</wmdscl:processingMethod>
              <wmdscl:aggregationPeriod>1 Monat</wmdscl:aggregationPeriod>
              <wmdscl:referenceTime>undefined</wmdscl:referenceTime>
              <wmdscl:referenceDate>undefined</wmdscl:referenceDate>
            </wmdscl:dataProcessingAndReportingInfo>
            <wmdscl:dataProcessingAndReportingInfo>
              <dwdcdc:mezaId>432300953614</dwdcdc:mezaId>
              <dwdcdc:mezaDescription>OBS_DEU_P1D_T2M_N: Tägliche Stationsmessungen des Minimums der Lufttemperatur in 2 m Höhe in °C</dwdcdc:mezaDescription>
              <gocl:modDTFrom>1947-01-01T00:00:00.000000</gocl:modDTFrom>
              <gocl:modDTUntil>1966-06-30T00:00:00.000000</gocl:modDTUntil>
              <wmdscl:processingMethod>Minimum</wmdscl:processingMethod>
              <wmdscl:aggregationPeriod>1 Tag</wmdscl:aggregationPeriod>
              <wmdscl:referenceTime>undefined</wmdscl:referenceTime>
              <wmdscl:referenceDate>undefined</wmdscl:referenceDate>
            </wmdscl:dataProcessingAndReportingInfo>
          </wmdscl:dataProcessingAndReporting>
        </wmdscl:observedVariableInfo>
        <wmdscl:observedVariableInfo>Temperatur / Feuchte<gocl:instrument/>
          <wmdscl:dataProcessingAndReporting>
            <wmdscl:dataProcessingAndReportingInfo>
              <dwdcdc:mezaId>432300118926</dwdcdc:mezaId>
              <dwdcdc:mezaDescription>OBS_DEU_P1D_RF: Tagesmittel der relativen Feuchte in 2 m Höhe in %</dwdcdc:mezaDescription>
              <gocl:modDTFrom>1948-01-02T00:00:00.000000</gocl:modDTFrom>
              <gocl:modDTUntil>1966-06-30T00:00:00.000000</gocl:modDTUntil>
              <wmdscl:processingMethod>Mittelwert</wmdscl:processingMethod>
              <wmdscl:aggregationPeriod>1 Tag</wmdscl:aggregationPeriod>
              <wmdscl:referenceTime>undefined</wmdscl:referenceTime>
              <wmdscl:referenceDate>undefined</wmdscl:referenceDate>
            </wmdscl:dataProcessingAndReportingInfo>
            <wmdscl:dataProcessingAndReportingInfo>
              <dwdcdc:mezaId>432300701582</dwdcdc:mezaId>
              <dwdcdc:mezaDescription>OBS_DEU_P1Y_RF: Jahresmittel der Stationsmessungen der relativen Feuchte in 2 m Höhe in %</dwdcdc:mezaDescription>
              <gocl:modDTFrom>1950-01-01T00:00:00.000000</gocl:modDTFrom>
              <gocl:modDTUntil>1965-01-01T00:00:00.000000</gocl:modDTUntil>
              <wmdscl:processingMethod>Mittelwert</wmdscl:processingMethod>
              <wmdscl:aggregationPeriod>1 Jahr</wmdscl:aggregationPeriod>
              <wmdscl:referenceTime>undefined</wmdscl:referenceTime>
              <wmdscl:referenceDate>undefined</wmdscl:referenceDate>
            </wmdscl:dataProcessingAndReportingInfo>
            <wmdscl:dataProcessingAndReportingInfo>
              <dwdcdc:mezaId>432300706574</dwdcdc:mezaId>
              <dwdcdc:mezaDescription>OBS_DEU_P1D_T2M: Tägliche Stationsmessungen der mittleren Lufttemperatur in 2 m Höhe in °C</dwdcdc:mezaDescription>
              <gocl:modDTFrom>1947-01-01T00:00:00.000000</gocl:modDTFrom>
              <gocl:modDTUntil>1966-06-30T00:00:00.000000</gocl:modDTUntil>
              <wmdscl:processingMethod>Mittelwert</wmdscl:processingMethod>
              <wmdscl:aggregationPeriod>1 Tag</wmdscl:aggregationPeriod>
              <wmdscl:referenceTime>undefined</wmdscl:referenceTime>
              <wmdscl:referenceDate>undefined</wmdscl:referenceDate>
            </wmdscl:dataProcessingAndReportingInfo>
            <wmdscl:dataProcessingAndReportingInfo>
              <dwdcdc:mezaId>432300350990</dwdcdc:mezaId>
              <dwdcdc:mezaDescription>OBS_DEU_P1Y_T2M: Jahresmittel der Stationsmessungen der Lufttemperatur in 2 m Höhe in °C</dwdcdc:mezaDescription>
              <gocl:modDTFrom>1947-01-01T00:00:00.000000</gocl:modDTFrom>
              <gocl:modDTUntil>1965-01-01T00:00:00.000000</gocl:modDTUntil>
              <wmdscl:processingMethod>Mittelwert</wmdscl:processingMethod>
              <wmdscl:aggregationPeriod>1 Jahr</wmdscl:aggregationPeriod>
              <wmdscl:referenceTime>undefined</wmdscl:referenceTime>
              <wmdscl:referenceDate>undefined</wmdscl:referenceDate>
            </wmdscl:dataProcessingAndReportingInfo>
            <wmdscl:dataProcessingAndReportingInfo>
              <dwdcdc:mezaId>432300624846</dwdcdc:mezaId>
              <dwdcdc:mezaDescription>OBS_DEU_P1M_T2M: Monatsmittel der Stationsmessungen der Lufttemperatur in 2 m Höhe in °C</dwdcdc:mezaDescription>
              <gocl:modDTFrom>1947-01-01T00:00:00.000000</gocl:modDTFrom>
              <gocl:modDTUntil>1966-06-01T00:00:00.000000</gocl:modDTUntil>
              <wmdscl:processingMethod>Mittelwert</wmdscl:processingMethod>
              <wmdscl:aggregationPeriod>1 Monat</wmdscl:aggregationPeriod>
              <wmdscl:referenceTime>undefined</wmdscl:referenceTime>
              <wmdscl:referenceDate>undefined</wmdscl:referenceDate>
            </wmdscl:dataProcessingAndReportingInfo>
            <wmdscl:dataProcessingAndReportingInfo>
              <dwdcdc:mezaId>432300933646</dwdcdc:mezaId>
              <dwdcdc:mezaDescription>OBS_DEU_P1M_RF: Monatsmittel der Stationsmessungen der relativen Feuchte in 2 m Höhe in %</dwdcdc:mezaDescription>
              <gocl:modDTFrom>1948-04-01T00:00:00.000000</gocl:modDTFrom>
              <gocl:modDTUntil>1966-06-01T00:00:00.000000</gocl:modDTUntil>
              <wmdscl:processingMethod>Mittelwert</wmdscl:processingMethod>
              <wmdscl:aggregationPeriod>1 Monat</wmdscl:aggregationPeriod>
              <wmdscl:referenceTime>undefined</wmdscl:referenceTime>
              <wmdscl:referenceDate>undefined</wmdscl:referenceDate>
            </wmdscl:dataProcessingAndReportingInfo>
          </wmdscl:dataProcessingAndReporting>
        </wmdscl:observedVariableInfo>
      </wmdscl:observedVariable>
    </go:observationInfo>
  </go:observation>
</go:station>
